/*
 Navicat Premium Data Transfer

 Source Server         : localhost_3306
 Source Server Type    : MySQL
 Source Server Version : 80014
 Source Host           : localhost:3306
 Source Schema         : milinbook

 Target Server Type    : MySQL
 Target Server Version : 80014
 File Encoding         : 65001

 Date: 18/02/2019 19:20:59
*/

SET NAMES utf8mb4;
SET FOREIGN_KEY_CHECKS = 0;

-- ----------------------------
-- Table structure for tb_bookinfo
-- ----------------------------
DROP TABLE IF EXISTS `tb_bookinfo`;
CREATE TABLE `tb_bookinfo`  (
  `BookId` int(11) NOT NULL AUTO_INCREMENT COMMENT '图书编号',
  `BookTypeId` int(11) NOT NULL COMMENT '图书类型',
  `BookName` varchar(100) CHARACTER SET utf8 COLLATE utf8_general_ci NOT NULL COMMENT '图书名',
  `BookPress` varchar(255) CHARACTER SET utf8 COLLATE utf8_general_ci NULL DEFAULT NULL COMMENT '出版社',
  `BookPubDate` datetime(0) NOT NULL COMMENT '出版日期',
  `BookSize` int(11) NULL DEFAULT NULL COMMENT '开本',
  `BookAuthor` varchar(100) CHARACTER SET utf8 COLLATE utf8_general_ci NOT NULL COMMENT '图书作者',
  `BookTanslor` varchar(100) CHARACTER SET utf8 COLLATE utf8_general_ci NULL DEFAULT NULL COMMENT '	\r\n图书译者',
  `Bookisbn` varchar(255) CHARACTER SET utf8 COLLATE utf8_general_ci NOT NULL COMMENT '图书ISBN',
  `BookPrice` decimal(10, 2) UNSIGNED NOT NULL COMMENT '图书定价, 原价',
  `BookOutline` varchar(555) CHARACTER SET utf8 COLLATE utf8_general_ci NULL DEFAULT NULL COMMENT '图书简介',
  `BookMprice` decimal(10, 2) UNSIGNED NOT NULL COMMENT '市场价， 现价',
  `BookDealmount` int(10) UNSIGNED NOT NULL DEFAULT 0 COMMENT '成交量',
  `BookDiscount` decimal(10, 2) UNSIGNED NULL DEFAULT NULL COMMENT '折扣',
  `BookPic` varchar(255) CHARACTER SET utf8 COLLATE utf8_general_ci NOT NULL DEFAULT 'publicuploadimgookPicdefault_book_pic.jpg' COMMENT '图书封面图',
  `BookStoremount` int(10) UNSIGNED NOT NULL COMMENT '图书库存量',
  `BookPackstyle` varchar(100) CHARACTER SET utf8 COLLATE utf8_general_ci NULL DEFAULT NULL COMMENT '封装方式',
  `BookStatus` enum('1','0') CHARACTER SET utf8 COLLATE utf8_general_ci NULL DEFAULT '1' COMMENT '书籍的上架下架\r\n1、上架\r\n0、下架',
  PRIMARY KEY (`BookId`) USING BTREE,
  UNIQUE INDEX `BookISBN_F`(`Bookisbn`) USING BTREE COMMENT 'ISBN 书籍编号唯一',
  INDEX `BookTypeId_F`(`BookTypeId`) USING BTREE,
  CONSTRAINT `BookTypeId_F` FOREIGN KEY (`BookTypeId`) REFERENCES `tb_booktypeinfo` (`BookTypeId`) ON DELETE CASCADE ON UPDATE CASCADE
) ENGINE = InnoDB AUTO_INCREMENT = 429 CHARACTER SET = utf8 COLLATE = utf8_general_ci ROW_FORMAT = Dynamic;

-- ----------------------------
-- Records of tb_bookinfo
-- ----------------------------
INSERT INTO `tb_bookinfo` VALUES (30, 3, '三体：全三册 刘慈欣代表作，亚洲首部“雨果奖”获奖作品！', '重庆出版社', '2010-11-01 00:00:00', 32, '刘慈欣', '', '23579654', 93.00, '  ', 52.50, 628410, 5.60, 'http://img3m4.ddimg.cn/32/35/23579654-1_l_3.jpg', 100, '平装-胶订', '1');
INSERT INTO `tb_bookinfo` VALUES (31, 3, '活着（2017年新版）', '作家出版社', '2012-08-01 00:00:00', 16, '余华', '', '9787506365437', 28.00, '余华是我国当代著名作家，也是享誉世界的小说家，曾荣获众多国内外奖项。《活着》是其代表作，在全球广泛传播，销量逾千万册，获得了普遍好评，已成为中国乃至世界当代文学的经典。  ', 19.60, 1940378, 7.00, 'http://img3m0.ddimg.cn/7/27/25137790-1_l_2.jpg', 100, '平装-胶订', '1');
INSERT INTO `tb_bookinfo` VALUES (32, 6, '银火箭少年科幻系列 （8册。亚洲首位“雨果奖”得主刘慈欣主编，根据《流浪地球》改编的电影大年初一上映。套装内图书全球销量超500万册）', '浙江教育出版社', '2018-04-02 00:00:00', 32, '刘慈欣', '', '25259302', 256.00, '荣登当当2018年中童书新书榜！国际一线科幻大咖重磅之作，获银河奖特等奖等多项国际大奖，被译成100多种语言、改编成100多种影视作品全球传播。星球危机、生化实验、虚拟空间令人脑洞大开！（9-12岁）  ', 125.40, 49037, 4.90, 'http://img3m2.ddimg.cn/46/31/25259302-1_l_6.jpg', 100, '平装-胶订', '1');
INSERT INTO `tb_bookinfo` VALUES (33, 6, '流浪的地球（刘慈欣作品，根据本书改编的同名电影2019春节上映。）', '浙江教育出版社', '2018-05-01 00:00:00', 32, '刘慈欣', '', '9787553671413', 29.00, '科幻界“诺贝尔奖”雨果奖得主、中国科幻领军人刘慈欣重磅作品，获科幻小说银河奖特等奖。太阳即将毁灭，地球逃脱计划将如何实施？无边想象令人脑洞大开！祝贺根据本书改编的同名电影票房突破23亿。  ', 14.50, 49005, 5.00, 'http://img3m0.ddimg.cn/44/29/25259300-1_l_2.jpg', 100, '平装-胶订', '1');
INSERT INTO `tb_bookinfo` VALUES (34, 9, '桃李春风一杯酒：唐朝诗人的快意人生 （中国诗词大会通关必读，独家书签版）', '贵州人民出版社', '2019-01-01 00:00:00', 32, '叶楚桥', '', '9787221149244', 50.00, 'CCTV中国诗词大会冠军雷海为、季军王子龙、简书CEO林立推荐，3000万听众追捧。18位代表诗人、200首经典唐诗，武则天称帝、安史之乱、庄恪太子案等重大事件，以今人之语言古人之事，嬉笑怒骂妙趣横生 文艺好书5折封顶，点击这里进入会场>>49元5件，刚好包邮带走点这里>> ', 25.00, 764, 5.00, 'http://img3m4.ddimg.cn/52/15/26315044-1_l_7.jpg', 100, '平装-胶订', '1');
INSERT INTO `tb_bookinfo` VALUES (35, 5, '墨菲定律', '古吴轩出版社', '2017-08-01 00:00:00', 32, '张文成', '', '9787554609491', 32.80, '一本好玩又实用的日常行为心理指南；突破思维界限，认识真正的自我；揭示那些无处不在左右你生活的心理学秘密，原来，那些让人发笑却又令人深思的行为的背后，都藏着好玩又古怪的心理效应  爱读书，2019行动派，人文社科好书5折封顶，点此进入促销会场>>> ', 16.40, 85473, 5.00, 'http://img3m1.ddimg.cn/81/29/25142121-1_l_2.jpg', 100, '平装-胶订', '1');
INSERT INTO `tb_bookinfo` VALUES (36, 6, '神奇校车·图画书版（全12册，新增《科学博览会》1册）', '贵州人民出版社', '2018-05-10 00:00:00', 16, '乔安娜柯尔', '', '25252408', 198.00, '风靡全世界的“神奇校车”再次出发！搭乘神奇校车，跟着卷毛老师来一次时空穿越之旅，去认识那些闪耀在历史星河中的伟大科学家！（蒲公英童书馆出品） 5万童书 5折封顶 新春伊始 扬帆起航>> ', 99.00, 945455, 5.00, 'http://img3m8.ddimg.cn/82/19/25252408-1_l_6.jpg', 100, '平装-胶订', '1');
INSERT INTO `tb_bookinfo` VALUES (37, 9, '浮生六记 （汪涵、胡歌推荐，畅销200万册。沈复给芸娘的绝美情书）【果麦经典】', '天津人民出版社', '2015-08-01 00:00:00', 32, '沈复', '， 张佳玮', '9787201094014', 32.00, '“我们要学会用美的眼光，去发现周遭的一切”著名主持人汪涵念念不忘反复在节目中向观众推荐的一本书！本版白话精心译述，民国本精校原文欣赏，更好读懂中国挚美经典！  ', 16.00, 814127, 5.00, 'http://img3m7.ddimg.cn/52/5/23751637-1_l_26.jpg', 100, '平装-胶订', '1');
INSERT INTO `tb_bookinfo` VALUES (38, 4, '所有失去的都会以另一种方式归来（随书附赠限量珍藏版明信片×精致书签）', '九州出版社', '2016-06-01 00:00:00', 32, '耿帅', '', '9787510842344', 39.80, '华语畅销，人气作家耿帅，暌违五年，重新归来，独家记忆，1800000次点赞，超5亿次阅读，每3秒钟都有人在书里看到另一个自己。给年轻人爱的正能量和信心，领着失意的你，向过去告别。 爱读书，2019行动派，经管励志，五折封顶，点此查看 ', 19.90, 214456, 5.00, 'http://img3m2.ddimg.cn/2/13/23926322-1_l_9.jpg', 100, '平装-胶订', '1');
INSERT INTO `tb_bookinfo` VALUES (39, 9, '丰子恺万般滋味，都是生活', '华中科技大学出版社', '2018-09-01 00:00:00', 32, '丰子恺', '', '9787568039390', 42.00, '（回馈升级：现在下单即有机会获帆布包等丰子恺文创礼品一份，详见彩图）丰子恺诞辰120周年纪念！全彩插图珍藏本，丰子恺*温暖的散文作品。愿你永葆童真，并乐此不疲，去生活！超值赠送精美书签1枚，明信片4张 文艺好书5折封顶，点击这里进入会场>>49元5件，刚好包邮带走点这里>> ', 21.00, 46931, 5.00, 'http://img3m5.ddimg.cn/31/23/25308985-1_l_8.jpg', 100, '平装-胶订', '1');
INSERT INTO `tb_bookinfo` VALUES (40, 9, '我喜欢生命本来的样子(周国平经典散文作品集)', '作家出版社', '2017-02-01 00:00:00', 32, '周国平', '', '9787506391542', 45.00, '影响和改变万千年轻人对人生的思考和生活的态度！上市半年以来，销售突破10万册，4万读者诚挚推荐！2017年，周国平散文ZUI佳精选集！裸书脊精装，四色印刷，林帝浣插图，但愿你保持住一份生命的本色! 文艺好书5折封顶，点击这里进入会场>>49元5件，刚好包邮带走点这里>> ', 22.50, 436556, 5.00, 'http://img3m0.ddimg.cn/28/30/24198400-1_l_4.jpg', 100, '精装', '1');
INSERT INTO `tb_bookinfo` VALUES (41, 3, '围城', '人民文学出版社', '1991-02-01 00:00:00', 16, '钱钟书', '', '9787020090006', 39.00, '  ', 24.40, 650163, 6.30, 'http://img3m4.ddimg.cn/32/28/22819334-1_l_3.jpg', 100, '精装', '1');
INSERT INTO `tb_bookinfo` VALUES (42, 3, '追风筝的人（2018年新版）', '上海人民出版社', '2006-05-01 00:00:00', 32, '卡勒德·胡赛尼', '李继宏', '9787208061644', 36.00, '（为你，千千万万遍！快乐大本营高圆圆感动推荐，朗读者张一山深情诵读，窦靖童创作灵感的来源，奥巴马送给女儿的新年礼物。）  ', 18.00, 2257508, 5.00, 'http://img3m5.ddimg.cn/26/14/25238195-1_l_3.jpg', 100, '平装-胶订', '1');
INSERT INTO `tb_bookinfo` VALUES (43, 28, '复旦名师陈果：好的爱情（陈果的爱情哲学课，用哲学的方式告诉你，怎样的爱情才能更长久）', '人民日报出版社', '2018-04-22 00:00:00', 32, '陈果', '', '9787511553645', 39.00, '长久的爱情，就是一次又一次地爱上同一个人。复旦名师陈果，用哲学的方式告诉你，怎样的爱情才更长久！读客熊猫君出品  爱读书，2019行动派，人文社科好书5折封顶，点此进入促销会场>>> ', 19.50, 148164, 5.00, 'http://img3m4.ddimg.cn/26/36/25263044-1_l_6.jpg', 100, '平装-胶订', '1');
INSERT INTO `tb_bookinfo` VALUES (44, 3, '流浪地球：刘慈欣授权，电影原著小说', '中国华侨出版社', '2016-06-01 00:00:00', 16, '刘慈欣', '', '9787511360809', 38.00, '（继《三体》之后，刘慈欣2019霸榜作品，绽放“中国想象力”，跻身世界科幻舞台！同名电影《流浪地球》火爆上映中！刘慈欣短篇小说精选，辑录“散落在三体之外的刘慈欣宇宙”。）  ', 21.00, 9972, 5.50, 'http://img3m3.ddimg.cn/82/35/23978773-1_l_5.jpg', 100, '平装-胶订', '1');
INSERT INTO `tb_bookinfo` VALUES (45, 28, '复旦名师陈果：好的孤独（复旦名师陈果博士，用哲学的方式告诉你，孤独的自己有多强大）', ' 江苏凤凰文艺出版社', '2017-04-19 00:00:00', 32, '陈果', '', '9787559401007', 36.00, '新闻联播推荐！孤独藏有巨大的精神力量，找到它你就可以脱胎换骨。复旦名师陈果博士，用哲学的方式告诉你，孤独的自己有多强大。读客熊猫君出品  爱读书，2019行动派，人文社科好书5折封顶，点此进入促销会场>>> ', 18.00, 148245, 5.00, 'http://img3m5.ddimg.cn/35/7/24248105-1_l_6.jpg', 100, '平装-胶订', '1');
INSERT INTO `tb_bookinfo` VALUES (46, 3, '三体（刘慈欣代表作，亚洲首部雨果奖获奖作品！）', '重庆出版社', '2008-01-01 00:00:00', 16, '刘慈欣', '', '9787536692930', 23.00, '《三体》获第73届世界科幻大会颁发的雨果奖*佳长篇小说奖，刘慈欣被授予2018年度克拉克想象力服务社会奖，亚洲首位雨果奖得主  第十八届银河奖特别奖 十届银河奖得主，  ', 13.80, 83110, 6.00, 'http://img3m3.ddimg.cn/88/28/20989573-1_l_8.jpg', 100, '平装-胶订', '1');
INSERT INTO `tb_bookinfo` VALUES (47, 29, '薛兆丰经济学讲义', '中信出版社', '2018-07-01 00:00:00', 32, '薛兆丰', '', '9787508689586', 68.00, '新老版本封面随机发货。奇葩说导师马东、蔡康永、高晓松等力荐，马化腾、罗永浩、罗振宇、徐小平等都在上的经济学课，撕掉“经济学”吓人表象，核心概念+大师思想+日常案例，用有趣的经济学，助你看懂这个复杂世界 爱读书，2019行动派，经管励志，五折封顶，点此查看 ', 40.70, 57639, 6.00, 'http://img3m7.ddimg.cn/42/18/25307907-1_l_2.jpg', 100, '线装', '1');
INSERT INTO `tb_bookinfo` VALUES (48, 3, '小王子（畅销300万册，作者基金会官方认证简体中文版）【果麦经典】', '天津人民出版社', '2013-01-01 00:00:00', 32, '安托万·德·圣埃克苏佩里', '李继宏', '9787201077642', 32.00, '法国“圣埃克苏佩里基金会”官方认证，正版图片库支持，知名翻译家李继宏良心翻译，张静初、张亮优选版本，每个孩子和长大了的孩子都应该有一本《小王子》，万字深度导读带你真正读懂小王子。  ', 16.00, 932817, 5.00, 'http://img3m3.ddimg.cn/81/7/23055003-1_l_25.jpg', 100, '精装', '1');
INSERT INTO `tb_bookinfo` VALUES (49, 6, '神奇校车·桥梁书版（全20册）', '贵州人民出版社', '2014-04-01 00:00:00', 16, '乔安娜柯尔', '布鲁斯迪根 图　施芳', '9787221116604', 150.00, '（新老版本交替发货）美国Scholastic学子出版社金牌畅销系列，继续打造神奇校车的科学冒险之旅！全新内容，全新体验，小神校迷不可错过的独立阅读读本！（蒲公英童书馆出品） 5万童书 5折封顶 新春伊始 扬帆起航>> ', 75.00, 582238, 5.00, 'http://img3m0.ddimg.cn/61/3/23444350-1_l_4.jpg', 100, '平装-胶订', '1');
INSERT INTO `tb_bookinfo` VALUES (50, 3, '马尔克斯：百年孤独（50周年纪念版）', '南海出版公司', '2017-08-01 00:00:00', 32, '加西亚·马尔克斯', '', '9787544291170', 55.00, '50周年纪念版！全新典藏内封，限量赠50周年精美魔幻明信片1套。马尔克斯代表作，全球惟一正式授权中文版，未作任何删节！6年发行量超600万册！  ', 41.30, 1229343, 7.50, 'http://img3m6.ddimg.cn/83/20/25138856-1_l_2.jpg', 100, '精装', '1');
INSERT INTO `tb_bookinfo` VALUES (51, 11, '见识城邦·人类简史：从动物到上帝（新版）  一本好书 腾讯视频栏目推荐', '中信出版社', '2017-01-01 00:00:00', 16, '尤瓦尔·赫拉利', '', '9787508660752', 68.00, '以色列新锐历史学家尤瓦尔·赫拉利代表作，第十届文津图书奖获奖作品  爱读书，2019行动派，人文社科好书5折封顶，点此进入促销会场>>> ', 40.80, 419808, 6.00, 'http://img3m9.ddimg.cn/22/7/24186019-1_l_7.jpg', 100, '平装-胶订', '1');
INSERT INTO `tb_bookinfo` VALUES (52, 6, '少年读史记（套装全5册）', '青岛出版社', '2015-09-01 00:00:00', 32, '张嘉骅', '', '23778791', 100.00, '精巧32开本，当当独家定制版。荣获第六届中华优秀出版物奖 ；史学、文学、哲学、国学一次到位，台湾著名儿童文学作家张嘉骅倾力打造更适合孩子阅读的《史记》！ 5万童书 5折封顶 新春伊始 扬帆起航>> ', 50.00, 439190, 5.00, 'http://img3m1.ddimg.cn/80/1/23778791-1_l_4.jpg', 100, '平装-胶订', '1');
INSERT INTO `tb_bookinfo` VALUES (53, 3, '月亮与六便士（新版未删节！当当名著销量桂冠！豆瓣阅读桂冠！上海国际学校指定必读译本！）作家榜经典文库', '浙江文艺出版社', '2017-01-10 00:00:00', 32, '毛姆', '徐淳刚', '9787533936020', 39.80, '靠口碑狂卖160万册！荣获当当2018经典名著销量榜第1名！豆瓣图书好评榜销量第1名！入选上海国际学校指定必读译本！开创当当446353名读者5星推荐纪录，认准作家榜经典文库！特惠秒杀，今日必抢！  ', 22.70, 448771, 5.70, 'http://img3m1.ddimg.cn/66/15/24175371-1_l_78.jpg', 100, '平装-胶订', '1');
INSERT INTO `tb_bookinfo` VALUES (54, 3, '云边有个小卖部', '湖南文艺出版社', '2018-07-01 00:00:00', 32, '张嘉佳', '', '9787540487645', 42.00, '当当定制纪念环衬版。写给陪伴我们的人，写给每个人心中的山和海。如果你有时间打开，那请给我一个机会，陪伴你度过安静的阅读时光。随书附赠云边镇四季明信片和张嘉佳作词单曲彩蛋。  ', 23.10, 260199, 5.50, 'http://img3m9.ddimg.cn/77/23/25295369-1_l_12.jpg', 100, '平装-胶订', '1');
INSERT INTO `tb_bookinfo` VALUES (55, 5, '天才在左 疯子在右(2018全新完整版)', '北京联合出版有限公司', '2018-05-01 00:00:00', 16, '高铭', '', '9787559620125', 49.80, '上市以来持续霸榜，累计销量破500万册！高圆圆、陈乔恩、李宇春、胡歌、刘昊然盛情推荐！女神、男神都在看的传奇畅销书！借疯子的策略，唤醒你未知的灵魂！看高智商疯子如何调戏和“羞辱”正常人！  爱读书，2019行动派，人文社科好书5折封顶，点此进入促销会场>>> ', 34.40, 1059270, 6.90, 'http://img3m2.ddimg.cn/96/32/25285092-1_l_4.jpg', 100, '平装-胶订', '1');
INSERT INTO `tb_bookinfo` VALUES (56, 6, '小熊和最好的爸爸（全7册）', '贵州人民出版社', '2007-11-01 00:00:00', 24, '丹姆', '漆仰平，爱桐 ', '9787221078803', 35.00, '和爸爸一起读的绘本，极易操作学习增强父子情感的图画书。孩子学习做男子汉：粗犷、睿智、谦逊、幽默，细致；爸爸学习父爱的技巧：了解孩子的梦想，为孩子的勇气而骄傲，成为孩子眼中的英雄。（蒲公英童书馆出品） 5万童书 5折封顶 新春伊始 扬帆起航>> ', 17.50, 723300, 5.00, 'http://img3m1.ddimg.cn/31/4/20039611-1_l_3.jpg', 100, '平装-胶订', '1');
INSERT INTO `tb_bookinfo` VALUES (57, 3, '三体3：死神永生（刘慈欣代表作，亚洲首部“雨果奖”获奖作品！）', '重庆出版社', '2010-11-01 00:00:00', 32, '刘慈欣', '', '9787229030933', 38.00, '2017年世界雨果奖提名作品  ', 22.80, 55292, 6.00, 'http://img3m7.ddimg.cn/29/34/20994167-1_l_6.jpg', 100, '平装-胶订', '1');
INSERT INTO `tb_bookinfo` VALUES (58, 3, '漫长的告别（怪不得村上春树读了12遍！每每陷入困境，村上春树便打开《漫长的告别》！全新精装插图珍藏版！）（读客经典文库）', '海南出版社', '2018-08-23 00:00:00', 32, '雷蒙德·钱德勒', '姚向辉', '9787544384636', 69.00, '村上曾亲自翻译《漫长的告别》，掀起阅读狂潮！美国文学黄金时代四大杰作之一！全新译本，全新插图，生动还原硬汉派文字精髓，附赠资深书迷手册！人生是一场漫长的告别，说一声再见，就是死去一点点。读客熊猫君出品 文艺好书5折封顶，点击这里进入会场>>49元5件，刚好包邮带走点这里>> ', 34.50, 46074, 5.00, 'http://img3m9.ddimg.cn/41/14/25336319-1_l_12.jpg', 100, '精装', '1');
INSERT INTO `tb_bookinfo` VALUES (59, 4, '钝感力（渡边淳一经典：具备不为小事动摇的钝感力，才能成为真正的赢家)', '青岛出版社', '2017-12-01 00:00:00', 16, '渡边淳一', '李迎跃', '9787555262800', 32.00, ' 爱读书，2019行动派，经管励志，五折封顶，点此查看 ', 16.00, 88956, 5.00, 'http://img3m9.ddimg.cn/23/12/25201859-1_l_3.jpg', 100, '平装-胶订', '1');
INSERT INTO `tb_bookinfo` VALUES (60, 28, '懂你（复旦名师陈果作品！）', '山东画报出版社', '2016-06-01 00:00:00', 32, '陈果', '', '9787547418260', 24.00, '全民心灵偶像，新闻联播推荐，陈果道德教育的语言艺术，照见灵魂里那个更美好的“人”、那个更真诚的“我”。  爱读书，2019行动派，人文社科好书5折封顶，点此进入促销会场>>> ', 12.00, 52104, 5.00, 'http://img3m1.ddimg.cn/92/17/23999771-1_l_6.jpg', 100, '平装-胶订', '1');
INSERT INTO `tb_bookinfo` VALUES (61, 6, '写给儿童的中国历史（全14册）', '新世界出版社', '2014-04-01 00:00:00', 16, '陈卫平', '', '23427436', 355.00, '第十届文津奖获奖图书，畅销台湾三十载，贯通上下五千年。学会了解自己，评价世界。台湾小鲁镇社之宝（步印童书馆出品） 5万童书 5折封顶 新春伊始 扬帆起航>> ', 177.50, 531025, 5.00, 'http://img3m6.ddimg.cn/76/35/23427436-1_l_4.jpg', 100, '平装-胶订', '1');
INSERT INTO `tb_bookinfo` VALUES (62, 4, '生活需要仪式感 （把温暖和感动带给你在乎的人）', '山东文艺出版社', '2017-12-20 00:00:00', 32, '李思圆', '', '9787532955732', 36.00, '拥有仪式感，你才能真正成为有爱、有温度、有人情味的人，得到认可与尊重，收获惊喜、浪漫、幸运和精彩。人民日报强烈呼吁，3000家媒体感动推荐，5亿人热情参与。黄磊、何炅、刘嘉玲、孙俪都在推崇的生活态度。 爱读书，2019行动派，经管励志，五折封顶，点此查看 ', 18.00, 324087, 5.00, 'http://img3m4.ddimg.cn/58/12/25209814-1_l_2.jpg', 100, '平装-胶订', '1');
INSERT INTO `tb_bookinfo` VALUES (63, 11, '万历十五年 一本好书 腾讯视频栏目推荐', '生活.读书.新知三联书店', '2006-06-01 00:00:00', 32, '黄仁宇', '', '9787108009821', 26.00, '（《人民的名义》多次提到《万历十五年》，为什么这么多人研究呢？三联书店出版黄仁宇先生的成名代表之作。万历十五年是大明王朝的转折点，腐败、敷衍，社风奢靡，都是悄悄埋葬大明王朝的导火线，值得当下深思。）  爱读书，2019行动派，人文社科好书5折封顶，点此进入促销会场>>> ', 16.00, 441945, 6.20, 'http://img3m5.ddimg.cn/98/7/23445575-1_l_5.jpg', 100, '平装-胶订', '1');
INSERT INTO `tb_bookinfo` VALUES (64, 3, '三体2：黑暗森林（刘慈欣代表作，亚洲首部雨果奖获奖作品！）', '重庆出版社', '2008-05-01 00:00:00', 32, '刘慈欣', '', '9787536693968', 32.00, '  ', 18.90, 54997, 5.90, 'http://img3m2.ddimg.cn/43/18/20974282-1_l_9.jpg', 100, '平装-胶订', '1');
INSERT INTO `tb_bookinfo` VALUES (65, 6, '手不是用来打人的（儿童好品德系列，全5册）', '贵州教育出版社', '2018-04-01 00:00:00', 12, '伊丽莎白·弗迪克', '陈薇薇、刘宣', '9787545600599', 99.00, '《手不是用来打人的》《语言不是用来伤人的》《细菌不是用来分享的》《尾巴不是用来扯的》《嗓门不是用来嚷嚷的》小小的行为纠正，培养孩子终生受用的好习惯、好品德，荣获美国国家育儿中心专业认证（步印童书出品） 5万童书 5折封顶 新春伊始 扬帆起航>> ', 49.50, 111529, 5.00, 'http://img3m7.ddimg.cn/36/32/25284537-1_l_3.jpg', 100, '平装-胶订', '1');
INSERT INTO `tb_bookinfo` VALUES (66, 6, '百年童话绘本·典藏版（全套30册）当当2018年度常青藤畅销书奖，台湾企鹅金牌畅销书，历时5年匠心绘制，上千张手绘插画美翻了！', '北京联合出版公司', '2016-09-15 00:00:00', 12, '莱曼·弗兰克·鲍姆', '', '24030562', 444.00, '上市2年销量超3000000册！意大利版哈利波特插画师领衔，获博洛尼亚国际童书展插画奖。国内首套囊括格林童话、安徒生童话、伊索寓言、现当代文学的绘本，经典启蒙绝佳之选。彭懿主编（3-6岁）  ', 199.80, 105407, 4.50, 'http://img3m2.ddimg.cn/94/24/24030562-1_l_14.jpg', 100, '平装-胶订', '1');
INSERT INTO `tb_bookinfo` VALUES (67, 6, '夏洛的网（新）', '上海译文出版社', '2014-08-01 00:00:00', 32, '怀特', '任溶溶', '9787532767373', 26.00, '“美国*伟大的十部儿童文学名著”之首，全球行销千万册，关于爱、友谊、生死，一本读到流泪的“真正的书”儿童文学  ', 16.50, 529955, 6.30, 'http://img3m6.ddimg.cn/7/21/23546266-1_l_6.jpg', 100, '平装-胶订', '1');
INSERT INTO `tb_bookinfo` VALUES (68, 6, '在教室说错了没关系', '青岛出版社', '2017-02-01 00:00:00', 16, '莳田晋至', '（日）莳田晋至', '9787555233572', 36.00, '畅销日本十多年，给孩子勇气，让孩子在课堂上找到自信，学会勇敢表达自己的观点，并学会聆听他人。（小海螺童书馆）  ', 18.00, 188902, 5.00, 'http://img3m5.ddimg.cn/64/16/24194575-1_l_3.jpg', 100, '精装', '1');
INSERT INTO `tb_bookinfo` VALUES (69, 6, '地图 人文版（升级版）手绘世界地图 儿童百科绘本', '贵州人民出版社', '2018-11-01 00:00:00', 8, '亚历山德拉·米热林斯卡', ' 冯婷', '9787221148551', 168.00, '全球畅销童书。史诗级别的地图，绘本式呈现62个国家的边界、河流、动物、植物、人文名胜等，每一幅都是一封探索世界的邀请信。儿童认识地球和世界的工具性地图，地图爱好者的收藏。（蒲公英童书馆出品） 5万童书 5折封顶 新春伊始 扬帆起航>> ', 84.00, 637612, 5.00, 'http://img3m5.ddimg.cn/79/23/25536535-1_l_3.jpg', 100, '精装', '1');
INSERT INTO `tb_bookinfo` VALUES (70, 14, '谈判：如何在博弈中获得更多(第四版)Everything is Negotiable', '民主与建设出版社', '2018-04-06 00:00:00', 32, '盖温·肯尼迪', '', '9787513918930', 45.00, '全球十余种版本累计销售超200万册，中国入世首席谈判官龙永图作序推荐，世界著名谈判专家盖温·肯尼迪畅销35年的谈判宝典全新增订，亿万富翁的枕边书，四两拨千斤，寓教于乐的谈判学权威《谈判是什么》*版 爱读书，2019行动派，经管励志，五折封顶，点此查看 ', 20.70, 52374, 4.60, 'http://img3m8.ddimg.cn/64/22/25247638-1_l_1.jpg', 100, '平装-胶订', '1');
INSERT INTO `tb_bookinfo` VALUES (71, 6, '窗边的小豆豆(2018版)', '南海出版公司', '2018-05-01 00:00:00', 32, '黑柳彻子', '', '9787544288590', 39.50, '新版隆重上市，影响20世纪的儿童文学杰作，中文简体版已突破1100万册，再也没有比她更了解孩子的了  ', 29.60, 915174, 7.50, 'http://img3m6.ddimg.cn/66/10/25272786-1_l_3.jpg', 100, '平装-胶订', '1');
INSERT INTO `tb_bookinfo` VALUES (72, 11, '国家宝藏 100件文物讲述中华文明史', '四川人民出版社', '2018-11-01 00:00:00', 16, '佟洵', '', '9787220109935', 128.00, '让国宝活起来 高清文物图片带你与国宝近距离接触 帮成人品鉴文物 教孩子读懂历史  爱读书，2019行动派，人文社科好书5折封顶，点此进入促销会场>>> ', 49.90, 12211, 3.90, 'http://img3m0.ddimg.cn/36/14/25583220-1_l_2.jpg', 100, '精装', '1');
INSERT INTO `tb_bookinfo` VALUES (73, 3, '活着（精装版，余华代表作，易烊千玺推荐阅读版本）', '北京十月文艺出版社', '2017-06-01 00:00:00', 32, '余华', '', '9787530215593', 35.00, '身处荒诞的世界，每个人都该读读余华。25周年精装典藏纪念版，全新水墨封面，全新审校修订，带你重新读懂“活着”的力量  ', 21.00, 179026, 6.00, 'http://img3m9.ddimg.cn/93/8/25092039-1_l_3.jpg', 100, '精装', '1');
INSERT INTO `tb_bookinfo` VALUES (74, 9, '皮囊（畅销250万册的国民读本，韩寒监制，刘德华、李敬泽作序。繁体版面世即进入台湾诚品、博客来畅销榜单）', '天津人民出版社', '2014-12-01 00:00:00', 32, '蔡崇达', '', '9787201088945', 39.80, '白岩松、刘同、蒋方舟、阿来、阎连科、张晓龙倾情推荐，献给内心漂泊无依的你，关于亲人、关于故乡，真挚暖心——请勿在公众场合阅读，比如地铁，以免流泪遭围观。 果麦出品  ', 21.80, 587909, 5.50, 'http://img3m8.ddimg.cn/53/15/23604128-1_l_8.jpg', 100, '精装', '1');
INSERT INTO `tb_bookinfo` VALUES (75, 17, '鬼谷子—中华经典藏书', '吉林美术出版社', '2015-03-01 00:00:00', 16, '战国', '; 陈默', '9787538693010', 35.00, '(无障碍阅读，完整定本，国内唯美精典插图本，不可不读的国学精髓，中国谋略奇书，一直为中国乃至世界军事家、政治家和外交家所研究，现又成为当代商家的必备之书。孙正义、稻盛和夫、李嘉诚盛赞推崇。）  爱读书，2019行动派，人文社科好书5折封顶，点此进入促销会场>>> ', 17.50, 81522, 5.00, 'http://img3m0.ddimg.cn/5/26/23691200-1_l_10.jpg', 100, '平装-胶订', '1');
INSERT INTO `tb_bookinfo` VALUES (76, 4, '人性的弱点（薛之谦推荐，畅销100万册）【果麦经典】', '天津人民出版社', '2014-09-01 00:00:00', 32, '戴尔·卡耐基', '陶曚', '9787201088822', 32.00, '译自1937年初版，还原卡耐基38篇原始手稿，特别收录市面罕见的《创造奇迹的信》及《幸福家庭生活的七个法则》，全球第二大畅销书，销量仅次于《圣经》。被视为社交心理和沟通技巧的至高宝典。 爱读书，2019行动派，经管励志，五折封顶，点此查看 ', 16.00, 403448, 5.00, 'http://img3m0.ddimg.cn/23/18/23566280-1_l_4.jpg', 100, '平装-胶订', '1');
INSERT INTO `tb_bookinfo` VALUES (77, 11, '半小时漫画中国史1+中国史2+中国史3+世界史（套装共4册，作者签章版）', '江苏文艺出版社', '2018-07-01 00:00:00', 32, '陈磊', '', '25309905', 159.60, '《半小时漫画中国史》系列是300万粉丝大号“混子曰”创始人陈磊（二混子）力作，看半小时漫画，通五千年历史，用漫画解读历史，开启读史新潮流。读客熊猫君出品  爱读书，2019行动派，人文社科好书5折封顶，点此进入促销会场>>> ', 79.80, 860302, 5.00, 'http://img3m5.ddimg.cn/60/18/25309905-1_l_9.jpg', 100, '平装-胶订', '1');
INSERT INTO `tb_bookinfo` VALUES (78, 3, '刘慈欣科幻作品典藏套装', '重庆出版社', '2018-11-01 00:00:00', 32, '刘慈欣', '', '9787229100605', 216.00, '辑录大刘代表作：典藏版《三体（全3册）》、《带上她的眼睛》(收录同名电影原著《流浪地球》，及电影《疯狂的外星人》原著《乡村教师》)、《梦之海》、《zui糟的宇宙zui好的地球》  ', 149.00, 1161, 6.90, 'http://img3m7.ddimg.cn/55/25/25353757-1_l_2.jpg', 100, '平装-胶订', '1');
INSERT INTO `tb_bookinfo` VALUES (79, 28, '论语别裁（独家授权简体版套装两册）', '东方出版社', '2018-05-01 00:00:00', 16, '南怀瑾', '', '9787520702898', 98.00, '南怀瑾先生代表作，“别裁”《论语》，成一家之言，弥合人类的苦难与沧桑，消解历史与现实的隔阂，抚平现世的浮躁与功利。  爱读书，2019行动派，人文社科好书5折封顶，点此进入促销会场>>> ', 49.00, 13759, 5.00, 'http://img3m7.ddimg.cn/87/13/25274787-1_l_5.jpg', 100, '平装-胶订', '1');
INSERT INTO `tb_bookinfo` VALUES (80, 7, '养育男孩（典藏版）', '中信出版社', '2014-04-01 00:00:00', 16, '史蒂夫', '丰俊功，宋修华', '9787508644868', 32.00, '1~18岁男孩父母的启蒙之书和进阶指南！全球畅销500万册，10万读者好评！中文版累计加印48次，销量超220万册，蝉联畅销榜15年，教你如何抓住男孩成长的3个关键阶段，培养积极勇敢、有担当的小男子汉 专题内49元5件任君挑选，2019好生活>>亲子健康美食旅行，专题内5折封顶>> ', 16.00, 158475, 5.00, 'http://img3m1.ddimg.cn/37/24/23457691-1_l_1.jpg', 100, '平装-胶订', '1');
INSERT INTO `tb_bookinfo` VALUES (81, 4, '断舍离', '广西科学技术出版社', '2013-07-01 00:00:00', 32, '山下英子', '', '9787807639817', 32.00, '经典“断舍离”！山下英子初版《断舍离》全本，未经删节和修改，入选2014年中国年度十大流行语。简体中文版累计销量超过100万册！全民热议实践不断的人生整理术。 爱读书，2019行动派，经管励志，五折封顶，点此查看 ', 16.00, 393097, 5.00, 'http://img3m3.ddimg.cn/68/20/23271503-1_l_1.jpg', 100, '平装-胶订', '1');
INSERT INTO `tb_bookinfo` VALUES (82, 7, '《正面管教》修订版', '北京联合出版公司', '2016-07-01 00:00:00', 16, '简·尼尔森', '', '9787550268517', 38.00, '如何不惩罚、不娇纵地有效管教孩子。畅销美国400多万册，被翻译成16种语言畅销全球；让数百万孩子、父母和老师受益终身的经典之作；自1981年本书*版出版以来，《正面管教》已经成为管教孩子的“黄金准则 专题内49元5件任君挑选，2019好生活>>亲子健康美食旅行，专题内5折封顶>> ', 21.30, 660312, 5.60, 'http://img3m0.ddimg.cn/64/6/23990140-1_l_6.jpg', 100, '平装-胶订', '1');
INSERT INTO `tb_bookinfo` VALUES (83, 5, '受益一生的墨菲定律', '中国商业出版社', '2017-05-01 00:00:00', 16, '墨羽◎', '', '9787504497154', 39.80, '（从被发现的*天起，墨菲定律就被证明是对事情出错的*好解释。）  爱读书，2019行动派，人文社科好书5折封顶，点此进入促销会场>>> ', 24.60, 11773, 6.20, 'http://img3m7.ddimg.cn/27/13/24230277-1_l_3.jpg', 100, '平装-胶订', '1');
INSERT INTO `tb_bookinfo` VALUES (84, 7, '养育女孩', '中信出版社', '2014-04-01 00:00:00', 16, 'Steve', '', '9787508635637', 32.00, '1~18岁女孩父母的启蒙之书和进阶指南！全球畅销500万册《养育男孩》作者史蒂夫·比达尔夫畅销力作！教你如何把握女孩成长的5个阶段，帮助她们成为聪慧、优雅、独立和内心强大的女人。 专题内49元5件任君挑选，2019好生活>>亲子健康美食旅行，专题内5折封顶>> ', 16.00, 97225, 5.00, 'http://img3m0.ddimg.cn/36/23/23457690-1_l_1.jpg', 100, '平装-胶订', '1');
INSERT INTO `tb_bookinfo` VALUES (85, 11, '明朝那些事儿全集 增补版（新版全套9册）', '北京联合出版有限公司', '2017-05-01 00:00:00', 16, '当年明月', '', '9787559602152', 297.00, '  爱读书，2019行动派，人文社科好书5折封顶，点此进入促销会场>>> ', 178.20, 168855, 6.00, 'http://img3m3.ddimg.cn/38/27/25102973-1_l_1.jpg', 100, '平装-胶订', '1');
INSERT INTO `tb_bookinfo` VALUES (86, 4, '董卿：做一个有才情的女子', '百花洲文艺出版社', '2018-02-01 00:00:00', 16, '乔瑞玲', '', '9787550025998', 39.80, '（才情是女人的魅力，看见＂央视一姐＂董卿的优雅与才情，摄取提升女人智慧与能量的捷径！） 爱读书，2019行动派，经管励志，五折封顶，点此查看 ', 19.90, 67227, 5.00, 'http://img3m9.ddimg.cn/36/13/25223949-1_l_5.jpg', 100, '平装-胶订', '1');
INSERT INTO `tb_bookinfo` VALUES (87, 9, '人生最美是清欢（林清玄经典散文集，执笔45周年白金纪念版！）', '北京十月文艺出版社', '2016-03-01 00:00:00', 12, '林清玄', '', '9787530215401', 49.50, '在复杂的世界里，做一个简单的人，以清静心看世界，以欢喜心过生活，淡定从容地过好这一生。全新手绘古风配图，精美四色印刷，附赠作者亲笔题字书签！  ', 34.20, 103621, 6.90, 'http://img3m2.ddimg.cn/13/5/23898712-1_l_7.jpg', 100, '平装-胶订', '1');
INSERT INTO `tb_bookinfo` VALUES (88, 8, '海底两万里（新课标）', '浙江工商大学出版社', '2017-09-01 00:00:00', 32, '儒勒·凡尔纳', '陈筱卿', '9787517823032', 25.00, '豆瓣8.4分译本。非改写&非编译。快跟上鹦鹉螺号，海底探险之旅出发！  ', 18.50, 91071, 7.40, 'http://img3m8.ddimg.cn/37/30/25126138-1_l_3.jpg', 100, '平装-胶订', '1');
INSERT INTO `tb_bookinfo` VALUES (89, 9, '沉默的大多数（又名《一只特立独行的猪》）', '北京联合出版公司', '2016-05-20 00:00:00', 16, '王小波', '', '9787550269002', 32.00, '【当当出品】（裸书脊精装插图典藏版）早期手稿首次曝光，李银河倾情推荐，朱大可、李静作序。制作精良，性价比远超其他版本！ （从话语中，你很少能学到人性，从沉默中却能。） 文艺好书5折封顶，点击这里进入会场>>49元5件，刚好包邮带走点这里>> ', 16.00, 74770, 5.00, 'http://img3m1.ddimg.cn/74/30/23961341-1_l_2.jpg', 100, '平装-胶订', '1');
INSERT INTO `tb_bookinfo` VALUES (90, 6, '国际大奖科普绘本（全6册） 获美国妈妈最佳选择奖金奖、美国月光童书奖金奖等20余项国际大奖，数十种国际权威机构赞誉推荐', '辽宁少年儿童出版社', '2018-10-01 00:00:00', 12, '玛丽', '【法】阿梅莉·格罗【美】杰米·佐拉斯 等绘,鞠强、李睿、王丁鹏、韩冬', '9787531576983', 129.00, '著名环境学家+国际大奖插画家联手，图画风格多样，文字充满律动。畅销美、法等多个国家。用符合孩子心理的主题，从很小的视角切入，融互动、观察、认知为一体，让孩子更好地感知世界，拥抱生命（3~6岁）  ', 58.10, 22321, 4.50, 'http://img3m6.ddimg.cn/50/8/25335536-1_l_1.jpg', 100, '平装-胶订', '1');
INSERT INTO `tb_bookinfo` VALUES (91, 6, '《不可思议的发明》手绘科普绘本', '贵州人民出版社', '2017-11-20 00:00:00', 16, '玛乌戈热塔·梅切尔斯卡', '波兰】玛乌戈热塔·梅切尔斯卡 文，【波兰】亚历山德拉·米热林斯卡，丹尼尔·米热林斯基 图，乌兰 李佳', '9787221143792', 76.00, '《地图（人文版）》《地下水下》《太空》作者继陆海空三部曲之后，又一脑洞大开重磅之作，有趣的背景知识，清晰的原理示意，带孩子领略古今中外不可思议的发明创造（蒲公英童书馆） 5万童书 5折封顶 新春伊始 扬帆起航>> ', 38.00, 12869, 5.00, 'http://img3m4.ddimg.cn/88/17/25184104-1_l_3.jpg', 100, '精装', '1');
INSERT INTO `tb_bookinfo` VALUES (92, 3, '放学后（东野圭吾成名作）', '南海出版公司', '2017-09-01 00:00:00', 32, '东野圭吾', '', '9787544291224', 45.00, '东野圭吾成名作，梦开始的地方，获江户川乱步奖，中文版销量超过100万册。什么时候人们在意的不是钱，而是友情、爱情、身体、容貌、回忆和梦想？  ', 33.70, 117830, 7.50, 'http://img3m5.ddimg.cn/2/17/25154615-1_l_3.jpg', 100, '精装', '1');
INSERT INTO `tb_bookinfo` VALUES (93, 4, '蔡康永经典系列套装（蔡康永的说话之道1.2+蔡康永的情商课）', '湖南文艺出版社', '2018-11-01 00:00:00', 128, '蔡康永', '', '25584012', 107.00, '继《说话之道》热销4,000,000册后，康永哥再次奉上“内心强大之道”。不委屈自己，又不伤害别人，让自己开心，也让世界开心。读情商课，加速驶入人生的超车道。 爱读书，2019行动派，经管励志，五折封顶，点此查看 ', 53.00, 10010, 5.00, 'http://img3m2.ddimg.cn/36/29/25584012-1_l_3.jpg', 100, '平装-胶订', '1');
INSERT INTO `tb_bookinfo` VALUES (94, 4, '我这么自律，就是为了不平庸至死（500册亲笔签名本随机发）', '北京联合出版有限公司', '2018-04-09 00:00:00', 32, '怀左同学', '', '9787559618610', 38.00, '“简书励志写作新偶像”怀左同学重磅新作，简书14万喜欢，全平台阅读10亿+，人民日报/新华社多次转载、彭小六感动推荐。从自律到写作，120000字肺腑之言、经验之谈，写给所有心怀梦想，不惧未来的你我 爱读书，2019行动派，经管励志，五折封顶，点此查看 ', 17.80, 54822, 4.70, 'http://img3m4.ddimg.cn/48/33/25259304-1_l_2.jpg', 100, '平装-胶订', '1');
INSERT INTO `tb_bookinfo` VALUES (95, 3, '俗世奇人（全二册）（第七届鲁迅文学奖获奖作品）', '作家出版社', '2016-02-29 00:00:00', 16, '冯骥才', '', '9787506387286', 40.00, '第七届鲁迅文学奖获奖作品 收录了冯骥才先生描写清末民初天津卫奇人异士的所有作品 文艺好书5折封顶，点击这里进入会场>>49元5件，刚好包邮带走点这里>> ', 20.00, 132981, 5.00, 'http://img3m4.ddimg.cn/10/33/23929894-1_l_2.jpg', 100, '平装-胶订', '1');
INSERT INTO `tb_bookinfo` VALUES (96, 14, '原则 principles 雷·达里奥著 跨年演讲推荐图书 团购电话:4001066666转6', '中信出版社', '2018-01-01 00:00:00', 32, '瑞·达利欧', '', '9787508684031', 98.00, '华尔街投资人、桥水公司创始人雷·达里奥白手起家40多年的生活与工作原则；比尔·盖茨、张瑞敏、潘石屹、万维钢，吴晓波、傅盛、罗辑思维等倾情推荐；中国金融投资圈诸多高管期盼多年终得上市中文版。 爱读书，2019行动派，经管励志，五折封顶，点此查看 ', 58.80, 138633, 6.00, 'http://img3m9.ddimg.cn/21/7/25204629-1_l_7.jpg', 100, '精装', '1');
INSERT INTO `tb_bookinfo` VALUES (97, 3, '许三观卖血记（新版）', '作家出版社', '2017-09-12 00:00:00', 32, '余华', '', '9787506365680', 32.00, '本书以博大的温情描绘了磨难中的人生，以激烈的故事形式表达了人在面对厄运时求生的欲望。  ', 23.50, 183607, 7.30, 'http://img3m6.ddimg.cn/15/26/25160766-1_l_3.jpg', 100, '平装-胶订', '1');
INSERT INTO `tb_bookinfo` VALUES (98, 4, '好看的皮囊千篇一律，有趣的灵魂万里挑一（老杨的猫头鹰最新作品“醒脑之书”系列之三）', '现代出版社', '2017-11-11 00:00:00', 32, '老杨的猫头鹰', '', '9787514365641', 39.80, '25个有种有料有趣的故事，送给易燃易爆易受潮的你。不用装得无懈可击，却活得软弱无力；不要踌躇满志，却又玩物丧志。专治生活干巴、良心脆弱等疑难杂症。不负责疼爱你，只想要唤醒你 爱读书，2019行动派，经管励志，五折封顶，点此查看 ', 19.90, 194873, 5.00, 'http://img3m1.ddimg.cn/88/17/25180441-1_l_17.jpg', 100, '平装-胶订', '1');
INSERT INTO `tb_bookinfo` VALUES (99, 4, '羊皮卷大全集（畅销珍藏本）', '黑龙江科学技术出版社', '2011-01-01 00:00:00', 16, '美曼狄诺', '张权　', '9787538865219', 35.00, '（畅销几百年的成功圣经，连续荣登当当励志图书畅销榜，当当五星级畅销图书，每一个积极向上的人都应该要读的书。） 爱读书，2019行动派，经管励志，五折封顶，点此查看 ', 17.50, 62686, 5.00, 'http://img3m6.ddimg.cn/73/1/21000646-1_l_2.jpg', 100, '平装-胶订', '1');
INSERT INTO `tb_bookinfo` VALUES (100, 12, '苏东坡传（林语堂精装2018版）（1-9年级必读书单）', '湖南文艺出版社', '2018-01-01 00:00:00', 32, '林语堂', '', '9787540484880', 52.00, '独家拥有林语堂完整授权，2018年全新修订。累计销量超过100万册。中国历代文人从政的标志性人生，国学大师林语堂得意作品。 一代国学大师，屡获诺贝尔文学奖提名的中国作家，华语文坛幽默睿智的一支笔。  ', 26.00, 297215, 5.00, 'http://img3m8.ddimg.cn/40/0/25211578-1_l_3.jpg', 100, '平装-胶订', '1');
INSERT INTO `tb_bookinfo` VALUES (101, 3, '儒林外史(56回全本，内容考证、文字句读全新修订版。)', '花山文艺出版社', '2015-07-01 00:00:00', 16, '吴敬梓', '', '9787551123426', 25.00, '【当当出品】当当网此版本销量靠前！中国古代讽刺文学的高峰，胡适、鲁迅等大家共同推崇，可与薄伽丘、塞万提斯、巴尔扎克、狄更斯等人的作品相提并论。 文艺好书5折封顶，点击这里进入会场>>49元5件，刚好包邮带走点这里>> ', 11.70, 125935, 4.70, 'http://img3m0.ddimg.cn/88/28/23733160-1_l_1.jpg', 100, '平装-胶订', '1');
INSERT INTO `tb_bookinfo` VALUES (102, 5, '乌合之众 : 大众心理研究', '民主与建设出版社', '2018-04-06 00:00:00', 32, '古斯塔夫·勒庞', '马晓佳', '9787513919524', 26.00, '群体心理学奠基之作，弗洛伊德誉之为“当之无愧的名著”。中科院心理学硕士2018全译本，更完整、专业、流畅。被希特勒利用，影响罗斯福、戴高乐等政要，三次遭禁。康辉、袁立等推荐阅读  爱读书，2019行动派，人文社科好书5折封顶，点此进入促销会场>>> ', 10.90, 116998, 4.20, 'http://img3m9.ddimg.cn/25/29/25246609-1_l_1.jpg', 100, '平装-胶订', '1');
INSERT INTO `tb_bookinfo` VALUES (103, 28, '厚黑学全集（足本典藏版，林语堂、南怀瑾、柏杨、李敖历经沉浮，感悟作序）', '中国友谊出版公司', '2013-06-01 00:00:00', 16, '李宗吾', '', '9787505731233', 29.80, '“厚黑教主”李宗吾传世文字，林语堂、南怀瑾、柏杨、李敖感悟作序！世事洞明，人情练达，职场必读，处世必备！足本典藏版，抖音150万点赞!  爱读书，2019行动派，人文社科好书5折封顶，点此进入促销会场>>> ', 12.50, 27973, 4.20, 'http://img3m4.ddimg.cn/5/14/23270054-1_l_9.jpg', 100, '平装-胶订', '1');
INSERT INTO `tb_bookinfo` VALUES (104, 8, '大林和小林（新课标全本，荣获豆瓣8.9高评分的经典童话，被誉为中国儿童文学第二座里程碑）', '浙江工商大学出版社', '2017-03-01 00:00:00', 32, '张天翼', '', '9787517819578', 18.00, '  ', 13.70, 32717, 7.60, 'http://img3m1.ddimg.cn/29/31/24198401-1_l_3.jpg', 100, '平装-胶订', '1');
INSERT INTO `tb_bookinfo` VALUES (105, 6, '国际大奖小说——爱德华的奇妙之旅（精装本）', '新蕾出版社', '2014-02-01 00:00:00', 32, '迪卡米洛', '（美）伊巴图林　绘，王昕若', '9787530743355', 36.00, ' 5万童书 5折封顶 新春伊始 扬帆起航>> ', 18.00, 132654, 5.00, 'http://img3m1.ddimg.cn/7/21/23418061-1_l_1.jpg', 100, '精装', '1');
INSERT INTO `tb_bookinfo` VALUES (106, 6, 'DK幼儿百科全书——那些重要的事', '中国大百科全书出版社', '2017-07-01 00:00:00', 16, '英国DK公司', '', '9787520201056', 138.00, '英国DK专为学龄前儿童设计的百科全书，那些孩子们应该知道的重要的事，都在这里！英国《少年杂志》设计奖ZUI佳童书类银奖！扫描封底二维码，免费音频同步听，解决科普难讲的大难题！ 5万童书 5折封顶 新春伊始 扬帆起航>> ', 69.00, 102532, 5.00, 'http://img3m4.ddimg.cn/7/16/25233424-1_l_3.jpg', 100, '精装', '1');
INSERT INTO `tb_bookinfo` VALUES (107, 9, '看见', '广西师范大学出版社', '2013-01-01 00:00:00', 16, '柴静', '', '9787549529322', 39.80, '雾霾调查纪录片《穹顶之下》制作人  柴静：十年个人成长的告白，中国社会变迁的备忘  ', 21.90, 726188, 5.50, 'http://img3m5.ddimg.cn/90/19/22924035-1_l_1.jpg', 100, '平装-胶订', '1');
INSERT INTO `tb_bookinfo` VALUES (108, 6, '多莱尔的希腊神话书（畅销千万册，纽约公共图书馆“百年百佳书”）', '江苏教育出版社', '2016-06-01 00:00:00', 16, '英格丽', '', '9787549953875', 88.00, '豆瓣2016年度读书榜单童书NO1.豆瓣读书9.1高分。纽伯瑞、凯迪克大奖得主作品！入选纽约公共图书馆“百年百佳书”！风行半世纪，销量过千万！大中小学生理想课外儿童文学读物  ', 43.10, 90063, 4.90, 'http://img3m2.ddimg.cn/40/35/23950912-1_l_8.jpg', 100, '精装', '1');
INSERT INTO `tb_bookinfo` VALUES (109, 6, '我的第一本地理启蒙书', '新世界出版社', '2016-06-01 00:00:00', 16, '郑利强', '', '9787510457180', 49.80, '给孩子妙趣横生的地理启蒙：从身边的东西南北，到脚下这片土地，再到我们圆滚滚的地球。好玩、实用的地理常识，由近及远的探索，让孩子从小会认路、懂旅行，打开眼界，看得更高、更远！（步印童书馆原创） 5万童书 5折封顶 新春伊始 扬帆起航>> ', 24.90, 501038, 5.00, 'http://img3m8.ddimg.cn/42/6/23967348-1_l_15.jpg', 100, '平装-胶订', '1');
INSERT INTO `tb_bookinfo` VALUES (110, 6, '这就是二十四节气（中国二十四节气彩绘版，文津图书奖获奖绘本，共4册）', '海豚出版社', '2015-09-01 00:00:00', 16, '高春香', '', '9787511026118', 100.00, '3-6幼升小亲子共读少儿科普百科读物 7-10独立阅读大自然主题儿童绘本 由中国科学院地理资源所研究策划编撰 为儿童讲述中国传统节日二十四节气的原创科普图画读物 祝贺中国二十四节气申遗成功 5万童书 5折封顶 新春伊始 扬帆起航>> ', 50.00, 534327, 5.00, 'http://img3m5.ddimg.cn/20/15/23808035-1_l_2.jpg', 100, '精装', '1');
INSERT INTO `tb_bookinfo` VALUES (111, 6, '上下五千年（最新版）', '少年儿童出版社', '2011-07-01 00:00:00', 16, '林汉达', '', '9787532487462', 88.00, '林汉达主编，五千年魅力中国故事，历经几代人的严选品鉴，用通俗的故事，讲述真实历史，值得不断重读的经典。 5万童书 5折封顶 新春伊始 扬帆起航>> ', 44.00, 216517, 5.00, 'http://img3m2.ddimg.cn/21/30/22478862-1_l_1.jpg', 100, '平装-胶订', '1');
INSERT INTO `tb_bookinfo` VALUES (112, 6, '小猪唏哩呼噜(注音版上、下)', '春风文艺出版社', '2014-07-01 00:00:00', 24, '孙幼军', '', '23504059', 30.00, '入选新闻出版总署向青少年推荐的百种优秀图书、入选中国小学生基础阅读书目、获国际安徒生文学奖提名奖的作家和画家的经典之作，系列图书畅销一千万册！  ', 17.80, 282384, 5.90, 'http://img3m9.ddimg.cn/73/31/23504059-1_l_7.jpg', 100, '平装-胶订', '1');
INSERT INTO `tb_bookinfo` VALUES (113, 6, '曹文轩纯美小说：青铜葵花', '江苏少年儿童出版社', '2016-04-01 00:00:00', 32, '曹文轩', '', '9787534633362', 22.00, '（国际安徒生奖得主曹文轩经典文学代表作品，入选美国2017年度三大图书榜单，温暖、悲伤、清澈，净化人心的经典巨作*两种封面随机发货） 5万童书 5折封顶 新春伊始 扬帆起航>> ', 11.00, 188362, 5.00, 'http://img3m2.ddimg.cn/41/5/23949032-1_l_4.jpg', 100, '平装-胶订', '1');
INSERT INTO `tb_bookinfo` VALUES (114, 3, '创业史（七年级下册自主阅读推荐）', '中国青年出版社', '2009-01-01 00:00:00', 32, '柳青', '', '9787500680239', 36.00, '党政干部要学柳青，接地气。中青社经典品牌“三红一创”《红岩》《红日》《红旗谱》《创业史》  ', 23.70, 52735, 6.60, 'http://img3m8.ddimg.cn/73/28/20975698-1_l_7.jpg', 100, '平装-胶订', '1');
INSERT INTO `tb_bookinfo` VALUES (115, 4, '人性的弱点', '北京联合出版公司', '2015-06-01 00:00:00', 32, '卡耐基', '林杰', '9787550254008', 29.80, '20世纪伟大心灵导师卡耐基成功学的奠基之作，全球第二大畅销书,西方世界销量仅次于《圣经》的励志畅销书,当当此版本销售火爆！ 爱读书，2019行动派，经管励志，五折封顶，点此查看 ', 13.40, 102817, 4.50, 'http://img3m3.ddimg.cn/98/6/23720003-1_l_2.jpg', 100, '平装-胶订', '1');
INSERT INTO `tb_bookinfo` VALUES (116, 7, '如何说孩子才会听 怎么听孩子才肯说（全新修订版）', '中央编译出版社', '2016-09-01 00:00:00', 16, '玛兹丽施', '安燕玲', '9787511714152', 36.80, '影响全球的家教图书，给中国父母巨大帮助！让你成为真正的好妈妈！ 专题内49元5件任君挑选，2019好生活>>亲子健康美食旅行，专题内5折封顶>> ', 18.40, 519090, 5.00, 'http://img3m2.ddimg.cn/17/7/24044642-1_l_16.jpg', 100, '平装-胶订', '1');
INSERT INTO `tb_bookinfo` VALUES (117, 4, '非暴力沟通', '华夏出版社', '2018-08-31 00:00:00', 16, '马歇尔', '  阮胤', '9787508095226', 49.00, ' 爱读书，2019行动派，经管励志，五折封顶，点此查看 ', 38.70, 268025, 7.90, 'http://img3m2.ddimg.cn/73/2/25334272-1_l_1.jpg', 100, '平装-胶订', '1');
INSERT INTO `tb_bookinfo` VALUES (118, 3, '雪落香杉树 (福克纳奖得主，全球畅销500万册)', '作家出版社', '2017-06-18 00:00:00', 32, '戴维·伽特森', '', '9787506387873', 52.00, '当代美国文学史上罕见的超级畅销获奖经典。被译成30余种文字，全球畅销500万册。1995福克纳奖得主。全美大中学文学课堂读本，是一颗懂得仁慈与宽恕的心，让公平与正义像太阳一样照耀！ 文艺好书5折封顶，点击这里进入会场>>49元5件，刚好包邮带走点这里>> ', 26.00, 264548, 5.00, 'http://img3m0.ddimg.cn/11/18/25093640-1_l_8.jpg', 100, '平装-锁线胶订', '1');
INSERT INTO `tb_bookinfo` VALUES (119, 8, '汤姆·索亚历险记（新课标全译本，万条读者五星好评，北大著名翻译家张友松翻译）', '浙江工商大学出版社', '2017-04-01 00:00:00', 32, '马克·吐温', '张友松', '9787517820611', 24.00, '清华附小校长、语文特级教师窦桂梅推荐的儿童冒险经典，非改写&非编译，语言活泼，童趣十足  ', 17.80, 62157, 7.40, 'http://img3m6.ddimg.cn/33/6/25061586-1_l_4.jpg', 100, '平装-胶订', '1');
INSERT INTO `tb_bookinfo` VALUES (120, 4, '所谓情商高，就是会说话', '北京联合出版公司', '2016-09-01 00:00:00', 32, '佐佐木圭一', '程亮', '9787550286092', 32.00, '百万畅销书，情商高系列开山之作！日本深受欢迎的人际沟通课程，世界知名企业员工指定培训教材！7个突破口+8个技巧，措辞小改变，人生大转变！用《蔡康永的说话之道》领悟说话魅力，用这本书实践说话之道！ 爱读书，2019行动派，经管励志，五折封顶，点此查看 ', 16.00, 584722, 5.00, 'http://img3m9.ddimg.cn/58/23/24026269-1_l_11.jpg', 100, '平装-胶订', '1');
INSERT INTO `tb_bookinfo` VALUES (121, 6, '学会管自己幼儿版-歪歪兔自控力教育系列绘本', '海豚出版社', '2017-06-01 00:00:00', 24, '歪歪兔关键期早教项目组', '', '25083136', 88.00, '歪歪兔为3-6岁孩子量身打造的儿童情绪管理绘本与性格培养绘本，学会自我管理，学会控制自己的小脾气、小欲望、小拖拉；建立时间观念、锻炼意志力与专注力，培养责任感。幼儿园小朋友必备的自我管理绘本。  ', 51.70, 69966, 5.90, 'http://img3m6.ddimg.cn/1/22/25083136-1_l_2.jpg', 100, '平装-胶订', '1');
INSERT INTO `tb_bookinfo` VALUES (122, 8, '细菌世界历险记（中小学语文新课标必读名著 ）菌儿自传 高士其科普童话 41000多名读者热评！', '人民邮电出版社', '2016-09-01 00:00:00', 16, '高士其', '', '9787115434388', 22.80, '阅读本书培养团结、奉献、勤劳的品质！荣获全国优秀畅销书奖 23位省级语文教研员联袂推荐 智慧熊联合商务印书馆 童趣倾力打造 新老版本任意发货  ', 14.80, 45602, 6.50, 'http://img3m7.ddimg.cn/77/15/24040247-1_l_5.jpg', 100, '平装-胶订', '1');
INSERT INTO `tb_bookinfo` VALUES (123, 3, '红岩（七年级下册必读）', '中国青年出版社', '2017-09-01 00:00:00', 32, '罗广斌', '', '9787500601593', 36.00, '独家授权出版！入选 “中央宣传部、教育部、共青团中央向全国青少年推荐的100种优秀图书”雄踞我国红色经典作品*数十载，激励了无数青年的爱国情怀和奋斗热情  ', 22.70, 269149, 6.30, 'http://img3m1.ddimg.cn/79/2/25167661-1_l_3.jpg', 100, '平装-胶订', '1');
INSERT INTO `tb_bookinfo` VALUES (124, 3, '岛上书店（每个人的生命中，都有无比艰难的那一年，将人生变得美好而辽阔。）', '江苏文艺出版社', '2015-05-08 00:00:00', 32, '加·泽文', '孙仲旭、李玉瑶', '9787539971810', 35.00, '现象级全球畅销书！一年内畅销美英德法等30国！感动全球千万读者的治愈小说！美国独立书商推荐阅读桂冠、美国图书馆推荐阅读桂冠。每个人的生命中，都有无比艰难的那一年，将人生变得美好而辽阔。读客熊猫君出品 文艺好书5折封顶，点击这里进入会场>>49元5件，刚好包邮带走点这里>> ', 17.50, 1058569, 5.00, 'http://img3m9.ddimg.cn/74/1/23685329-1_l_28.jpg', 100, '平装-胶订', '1');
INSERT INTO `tb_bookinfo` VALUES (125, 8, '傅雷家书（部编本语文教材八年级下册推荐阅读）', '北岳文艺出版社', '2017-09-01 00:00:00', 32, '傅雷', '', '9787537853217', 35.00, '重新编选，更完整，更易读，全面展现傅聪的成长历程和心理变化。  ', 22.60, 17614, 6.50, 'http://img3m7.ddimg.cn/70/12/25187947-1_l_9.jpg', 100, '平装-胶订', '1');
INSERT INTO `tb_bookinfo` VALUES (126, 28, '中国哲学简史（独家附赠冯友兰先生历史老照片)', '北京大学出版社', '2013-01-01 00:00:00', 16, '冯友兰', '', '25205603', 38.00, '中纪委推荐图书！中国著名哲学家冯友兰圣人的睿智，《中国哲学简史》，值得各阶层读者读上千遍!  爱读书，2019行动派，人文社科好书5折封顶，点此进入促销会场>>> ', 24.80, 15356, 6.50, 'http://img3m3.ddimg.cn/5/19/25205603-1_l_6.jpg', 100, '平装-胶订', '1');
INSERT INTO `tb_bookinfo` VALUES (127, 12, '我们仨（新版）', '生活.读书.新知三联书店', '2018-06-01 00:00:00', 32, '杨绛', '', '9787108063106', 28.00, '（《我们仨》杨绛以简洁而沉重的语言，回忆先她而去的女儿钱媛、丈夫钱钟书，回忆一家三口那些快乐而艰难、爱与痛的日子。家庭是一生的庇护所，生命的意义不会因为躯体的生灭而有所改变。总销售超1000万册。）  ', 16.00, 1125777, 5.70, 'http://img3m4.ddimg.cn/49/19/25284154-1_l_3.jpg', 100, '平装-胶订', '1');
INSERT INTO `tb_bookinfo` VALUES (128, 18, '观山海（“百鬼画师”杉泽绝美诠释山海经）', '湖南文艺出版社', '2018-06-01 00:00:00', 32, '杉泽', '', '9787540485696', 168.00, '定制版和正常版交替发货期间，请以实际收货为准。神奇动物在哪里？中国绝美《山海经》异兽手绘图鉴震撼来袭！“博物君”张辰亮、国家博物馆讲解员河森堡重磅推荐！“2018南国书香节”十大ZUI受读者关注图书！  爱读书，2019行动派，人文社科好书5折封顶，点此进入促销会场>>> ', 92.40, 73505, 5.50, 'http://img3m5.ddimg.cn/9/8/25278075-1_l_19.jpg', 100, '平装-胶订', '1');
INSERT INTO `tb_bookinfo` VALUES (129, 3, '摆渡人（如果命运是一条孤独的河流，谁会是你灵魂的摆渡人？）', '百花洲文艺出版社', '2015-06-01 00:00:00', 32, '克莱儿·麦克福尔', '', '9787550013247', 36.00, '畅销欧美33个国家，荣获多项图书大奖。如果命运是一条孤独的河流，谁会是你灵魂的摆渡人？如果我真的存在，也是因为你需要我。白马时光  ', 17.90, 1104150, 5.00, 'http://img3m7.ddimg.cn/86/32/23694647-1_l_8.jpg', 100, '平装-胶订', '1');
INSERT INTO `tb_bookinfo` VALUES (130, 16, '美国儿科学会育儿百科（第6版，2018全新增订)', '北京科学技术出版社', '2018-03-01 00:00:00', 16, '斯蒂文·谢尔弗', '美〕斯蒂文·谢尔弗 主编  陈铭宇，周莉，池丽叶 等', '9787530490105', 89.00, '真正科学的育儿指南，儿科专家张思莱作序推荐 专题内49元5件任君挑选，2019好生活>>亲子健康美食旅行，专题内5折封顶>> ', 53.20, 188381, 6.00, 'http://img3m0.ddimg.cn/26/28/25238690-1_l_3.jpg', 100, '平装-胶订', '1');
INSERT INTO `tb_bookinfo` VALUES (131, 5, '共情的力量：情商高的人，如何抚慰受伤的灵魂', '中国致公出版社', '2019-01-01 00:00:00', 16, '亚瑟·乔拉米卡利', '', '9787514513011', 49.80, '“如果我早写这本书，我弟弟就不会死了。”哈佛大学医学院教授、全球共情研究第1人力作！美国心理学会、Facebook、领英狂荐！千万畅销书《情商》作者丹尼尔·戈尔曼强推：情商的核心就是共情！赠超值好课  爱读书，2019行动派，人文社科好书5折封顶，点此进入促销会场>>> ', 24.90, 2282, 5.00, 'http://img3m1.ddimg.cn/94/31/26193811-1_l_3.jpg', 100, '平装-胶订', '1');
INSERT INTO `tb_bookinfo` VALUES (132, 6, '小鸡球球触感玩具书：全5册', '长江少年儿童出版社', '2016-11-15 00:00:00', 48, '入山智', '；崔维燕', '24105221', 250.00, '0-3岁幼儿纸板绘本，1种发声器+5种互动游戏+14种模切洞洞+ 28种触摸材料，和畅销百万册的小鸡球球一起玩触摸游戏，以发展触感为主，其他感官为辅，助力早期认知发展。#爱的教育#（心喜阅童书出品） 5万童书 5折封顶 新春伊始 扬帆起航>> ', 125.00, 105048, 5.00, 'http://img3m1.ddimg.cn/8/17/24105221-1_l_9.jpg', 100, '精装', '1');
INSERT INTO `tb_bookinfo` VALUES (133, 3, '霍乱时期的爱情（2015版）  一本好书 腾讯视频栏目推荐', '南海出版公司', '2015-06-01 00:00:00', 32, '哥伦', '杨玲', '9787544277617', 49.50, '（马尔克斯“爱情百科全书”，首次完整翻译！）  ', 34.20, 404525, 6.90, 'http://img3m8.ddimg.cn/61/20/23716798-1_l_1.jpg', 100, '精装', '1');
INSERT INTO `tb_bookinfo` VALUES (134, 3, '东野圭吾：白夜行（2017版，易烊千玺、韩雪推荐，东野圭吾无冕之王）', '南海出版公司', '2017-08-09 00:00:00', 32, '东野圭吾', '', '9787544291163', 59.60, '万千东野迷心中的无冕之王，周刊文春推理榜年度榜首作品，我一直走在白夜里，从来就没有太阳，所以不怕失去  ', 41.10, 1232160, 6.90, 'http://img3m2.ddimg.cn/62/32/25119332-1_l_9.jpg', 100, '平装-胶订', '1');
INSERT INTO `tb_bookinfo` VALUES (135, 6, '《幼儿学古诗（全2册）》', '教育科学出版社', '2018-05-01 00:00:00', 20, '中国教育科学研究院早期教育研究中心', '', '9787519112783', 80.00, '知名学前教育专家、古诗词研究专家、儿童插画家联合打造，随书扫码听古诗朗读、赏析和导读音频，一起感受古典诗歌之美。当当网2018年5月童书新书榜TOP10品种。 5万童书 5折封顶 新春伊始 扬帆起航>> ', 40.00, 25372, 5.00, 'http://img3m6.ddimg.cn/56/35/25264856-1_l_3.jpg', 100, '精装', '1');
INSERT INTO `tb_bookinfo` VALUES (136, 3, '平凡的世界：全三册（朱一龙推荐，八年级下册自主阅读推荐）', '北京十月文艺出版社', '2017-06-01 00:00:00', 32, '路遥', '', '9787530216781', 108.00, '新晋男神朱一龙推荐阅读。茅盾文学奖皇冠上的明珠，激励亿万读者的不朽经典。深受老师和学生喜爱的新课标必读书  ', 74.50, 899396, 6.90, 'http://img3m2.ddimg.cn/41/25/25090502-1_l_5.jpg', 100, '平装-胶订', '1');
INSERT INTO `tb_bookinfo` VALUES (137, 8, '钢铁是怎样炼成的（新课标）非改写，更适合青少年阅读，越是艰苦的环境越要坚韧勇敢，为目标而奋斗', '浙江工商大学出版社', '2017-04-01 00:00:00', 32, '奥斯特洛夫斯基', '', '9787517820659', 26.00, 'CCTV《朗读者》张鲁新深情朗读，苦难磨练坚韧的意志力和永不言败的精神  ', 19.20, 56671, 7.40, 'http://img3m9.ddimg.cn/94/1/24228859-1_l_5.jpg', 100, '平装-胶订', '1');
INSERT INTO `tb_bookinfo` VALUES (138, 3, '罗生门（芥川龙之介小说集）《人间失格》作者太宰治是芥川的头号书迷。', '时代文艺出版社', '2017-12-01 00:00:00', 32, '芥川龙之介', '高慧勤', '9787538755503', 31.00, '黑泽明奥斯卡获奖影片《罗生门》原著小说，豆瓣8.5分译本。 文艺好书5折封顶，点击这里进入会场>>49元5件，刚好包邮带走点这里>> ', 13.30, 92961, 4.30, 'http://img3m4.ddimg.cn/14/2/25190564-1_l_2.jpg', 100, '平装-胶订', '1');
INSERT INTO `tb_bookinfo` VALUES (139, 3, '东野圭吾：解忧杂货店（王俊凯、迪丽热巴主演，这家店帮你找回内心流失的东西）', '南海出版公司', '2014-05-01 00:00:00', 32, '东野圭吾', '', '9787544270878', 39.50, '人与人真诚相对时产生的小小奇迹，不是推理小说，却更扣人心弦，中国影响力图书年度读者推荐大奖，800万中国读者挚爱选择  ', 27.30, 2034770, 6.90, 'http://img3m8.ddimg.cn/92/3/23464478-1_l_7.jpg', 100, '精装', '1');
INSERT INTO `tb_bookinfo` VALUES (140, 3, '一个陌生女人的来信（茨威格中短篇小说选，豆瓣9.4高评分译作，德文直译无删节）', '时代文艺出版社', '2017-09-01 00:00:00', 32, '斯蒂芬·茨威格', ' 高中甫 韩耀成', '9787538754872', 22.00, '41300名读者五星好评推荐，全新编校修订+北大权威翻译家高中甫译作。孟京辉说：“陌生女人带着强烈宿命意味的勇气，让人不忍看却又不能不看……这是一种奢侈的美感，是一种幸福。” 文艺好书5折封顶，点击这里进入会场>>49元5件，刚好包邮带走点这里>> ', 9.90, 75755, 4.50, 'http://img3m1.ddimg.cn/30/23/25126131-1_l_6.jpg', 100, '平装-胶订', '1');
INSERT INTO `tb_bookinfo` VALUES (141, 4, '你的善良必须有点锋芒', '古吴轩出版社', '2016-09-01 00:00:00', 32, '慕颜歌', '', '9787554607237', 32.80, '戳中亿万人隐秘痛点的心理开悟书，贝佐斯、爱默生赞赏的处世智慧，将引爆现象级话题，在趋利时代宣扬另一股正能量，让善良的人懂得无畏善良但不无谓地善良 爱读书，2019行动派，经管励志，五折封顶，点此查看 ', 16.40, 334237, 5.00, 'http://img3m5.ddimg.cn/8/24/24015725-1_l_11.jpg', 100, '平装-胶订', '1');
INSERT INTO `tb_bookinfo` VALUES (142, 10, '21天精通素描', '百花洲文艺出版社', '2018-08-01 00:00:00', 16, '理查德·波克斯', '', '9787550029125', 49.80, '随书附赠“21天计划打卡表”。 21天，养成绘画爱好；3周课程，轻松搞定素描！简单易学的新人必读宝典，从入门到精通的蜕变之旅！一本书搞定各种素描学习必会知识和技巧！图解式教学一看就会，自学绘画零障碍！  ', 24.90, 4867, 5.00, 'http://img3m2.ddimg.cn/1/3/25308262-1_l_2.jpg', 100, '平装-胶订', '1');
INSERT INTO `tb_bookinfo` VALUES (143, 9, '诗经（韩寒推荐，全三册注音插图版）', '三秦出版社', '2018-01-01 00:00:00', 32, '骆玉明', '', '9787551816991', 138.00, '它不仅是经典，更是一部流传2500多年的唯美诗集。全篇305首，骆玉明解注，随文注音，无障碍阅读。203幅细井徇彩色手绘原稿，230种名物简介。集学术价值、艺术价值于一体，可诵、可赏、易解。果麦出品  ', 69.00, 67012, 5.00, 'http://img3m3.ddimg.cn/70/8/25216063-1_l_10.jpg', 100, '平装-胶订', '1');
INSERT INTO `tb_bookinfo` VALUES (144, 7, '好妈妈胜过好老师（700万册纪念版）', '作家出版社', '2017-08-08 00:00:00', 16, '尹建莉', '', '9787506376631', 49.00, ' 专题内49元5件任君挑选，2019好生活>>亲子健康美食旅行，专题内5折封顶>> ', 24.50, 250880, 5.00, 'http://img3m9.ddimg.cn/37/23/25124059-1_l_7.jpg', 100, '平装-胶订', '1');
INSERT INTO `tb_bookinfo` VALUES (145, 6, '米小圈脑筋急转弯（套装共4册）', '四川少儿出版社', '2016-01-01 00:00:00', 24, '北猫', '', '23878838', 64.00, '（出其不意 捧腹大笑 领略语言的奇妙乐趣 拓展逻辑思维 漫画角色来自风靡小学校园的《米小圈上学记》） 5万童书 5折封顶 新春伊始 扬帆起航>> ', 32.00, 191813, 5.00, 'http://img3m8.ddimg.cn/38/0/23878838-1_l_3.jpg', 100, '平装-胶订', '1');
INSERT INTO `tb_bookinfo` VALUES (146, 5, '终身成长：重新定义成功的思维模式', '江西人民出版社', '2017-11-01 00:00:00', 16, '卡罗尔·德韦克', '美]卡罗尔·德韦克（Carol Dweck)    ', '9787210096528', 49.80, '坐镇美国亚马逊心理类畅销榜10年，累计印量180万册，比尔·盖茨撰文推荐 颠覆传统成功学观点，影响美国校园教育的创新理念  爱读书，2019行动派，人文社科好书5折封顶，点此进入促销会场>>> ', 37.30, 54084, 7.50, 'http://img3m2.ddimg.cn/23/30/25166912-1_l_6.jpg', 100, '平装-胶订', '1');
INSERT INTO `tb_bookinfo` VALUES (147, 6, '一年级大个子二年级小个子（注音版）', '接力出版社', '2012-06-01 00:00:00', 16, '古田足日', '', '9787544824958', 19.80, '（畅销40年，再版200次，家喻户晓的百万经典，低年级学生自己看的成长小说）  ', 15.60, 179668, 7.90, 'http://img3m1.ddimg.cn/56/23/22891331-1_l_1.jpg', 100, '平装-胶订', '1');
INSERT INTO `tb_bookinfo` VALUES (148, 3, '流浪地球', '万卷出版公司', '2016-11-23 00:00:00', 16, '刘慈欣', '', '9787547043158', 35.00, '人们习惯凡事分出黑与白 但现实是灰色的 浓缩一生创作精华 刘慈欣挑战想象力边际 “三体”后又一力作 文艺好书5折封顶，点击这里进入会场>>49元5件，刚好包邮带走点这里>> ', 17.50, 4618, 5.00, 'http://img3m4.ddimg.cn/54/18/24106554-1_l_4.jpg', 100, '平装-胶订', '1');
INSERT INTO `tb_bookinfo` VALUES (149, 6, '我爸爸+我妈妈（全2册）', '   ', '2014-05-01 00:00:00', 8, '安东尼·布朗', '', '23483032', 71.60, '经典绘本 :花婆婆、我爸爸、我妈妈、我喜欢书、大卫不可以系列、大脚丫跳芭蕾、是谁嗯嗯在我头上、让路给小鸭子、不许抠鼻子、海伦凯勒、雪花人、*次自己睡觉、蝴蝶豌豆花、菲菲生气了、妈妈的红沙发！  ', 46.50, 377029, 6.50, 'http://img3m2.ddimg.cn/34/20/23483032-1_l_9.jpg', 100, '精装', '1');
INSERT INTO `tb_bookinfo` VALUES (150, 4, '蔡康永的情商课：为你自己活一次（印章版）', '湖南文艺出版社', '2018-11-30 00:00:00', 32, '蔡康永', '', '9787540481551', 42.00, '两版差异化交替期间，请以实际收货为准。继《说话之道》热销4,000,000册后，康永哥再次奉上“内心强大之道”。不委屈自己，又不伤害别人，让自己开心，也让世界开心。读情商课，加速驶入人生的超车道。 爱读书，2019行动派，经管励志，五折封顶，点此查看 ', 31.50, 64205, 7.50, 'http://img3m1.ddimg.cn/94/5/25578031-1_l_5.jpg', 100, '平装-胶订', '1');
INSERT INTO `tb_bookinfo` VALUES (151, 3, '月亮和六便士（全新导读无删节详注版！ 半年创当当110000名读者五星好评奇迹）看“一本好书”，在当当享阅读之趣', '时代文艺出版社', '2017-09-01 00:00:00', 32, '毛姆', ' 苏福忠', '9787538754858', 27.00, '口碑爆棚的现象级畅销书！毛姆研究专家苏福忠译作，当当书香节一天狂销10000+！历史销量名列同名书前列！村上春树连读两遍，张爱玲感动推荐。知乎网友惊叹“可惜我不是在十几岁读的这本书” 。 文艺好书5折封顶，点击这里进入会场>>49元5件，刚好包邮带走点这里>> ', 11.80, 299387, 4.40, 'http://img3m8.ddimg.cn/27/20/25126128-1_l_2.jpg', 100, '平装-胶订', '1');
INSERT INTO `tb_bookinfo` VALUES (152, 6, '曹文轩纯美小说：草房子', '江苏凤凰少年儿童出版社', '2016-04-01 00:00:00', 32, '曹文轩', '', '9787534618727', 22.00, '（国际安徒生奖得主曹文轩原创精品儿童文学作品，累计印刷达500次，总印数超2000万册！送给每个孩子的纯美与感动 *两种封面随机发货） 5万童书 5折封顶 新春伊始 扬帆起航>> ', 11.00, 232965, 5.00, 'http://img3m7.ddimg.cn/82/12/23953627-1_l_5.jpg', 100, '平装-胶订', '1');
INSERT INTO `tb_bookinfo` VALUES (153, 3, 'S.忒修斯之船（简体中文典藏复刻版）', '中信出版社', '2016-06-01 00:00:00', 16, 'J.J.艾布拉姆斯', '颜湘如', '9787508650951', 168.00, '上市30万册一抢而空，这个夏天必读的烧脑神书！内含特意做旧的古书《忒修斯之船》和23个奇异附件，2016烧脑神书，颠覆阅读体验！挑战纸书可能性的极致冒险。亦作忒休斯之船。  ', 100.80, 100987, 6.00, 'http://img3m3.ddimg.cn/11/18/23925143-1_l_16.jpg', 100, '组合包装', '1');
INSERT INTO `tb_bookinfo` VALUES (154, 13, '总要习惯一个人（蕊希2018年全新力作）', '湖南文艺出版社', '2018-07-05 00:00:00', 32, '蕊希', '', '9787540487676', 49.80, '治愈千万人、音频总播放量过30亿的人气电台主持人、作家蕊希诚意新作。所有的煎熬和孤独，都成了我走向你的路。世界欠我一个你，是世界欠的，不是你。  ', 24.90, 86812, 5.00, 'http://img3m7.ddimg.cn/20/0/25301747-1_l_8.jpg', 100, '平装-胶订', '1');
INSERT INTO `tb_bookinfo` VALUES (155, 8, '唐诗三百首 小学生 成长必读 绘本 注音版', '北方妇女儿童出版社', '2016-08-01 00:00:00', 16, '思睿', '', '9787538599398', 40.00, '腹有诗书气自华 中国诗词大会 入选省级重点小学教学必备 名师白话详解 直击考点 彩图注音 精装绿色环保印刷  ', 22.00, 101981, 5.50, 'http://img3m4.ddimg.cn/35/14/23993774-1_l_6.jpg', 100, '平装-胶订', '1');
INSERT INTO `tb_bookinfo` VALUES (156, 8, '傅雷家书（经典译林 精装本）', '译林出版社', '2018-02-01 00:00:00', 32, '傅雷', '', '9787544771627', 49.00, '  ', 39.50, 47792, 8.10, 'http://img3m3.ddimg.cn/80/14/25236863-1_l_3.jpg', 100, '精装', '1');
INSERT INTO `tb_bookinfo` VALUES (157, 14, '金字塔原理（麦肯锡40年经典培训教材）', '南海出版公司', '2013-11-01 00:00:00', 16, '芭芭拉.明托', '', '9787544268509', 49.00, ' 爱读书，2019行动派，经管励志，五折封顶，点此查看 ', 24.50, 244495, 5.00, 'http://img3m6.ddimg.cn/49/29/23360386-1_l_2.jpg', 100, '平装', '1');
INSERT INTO `tb_bookinfo` VALUES (158, 3, '挪威的森林（2018年新版，村上春树的残酷青春物语，现象级的超级畅销书，三十周年纪念版）', '上海译文出版社', '2018-03-01 00:00:00', 32, '村上春树', '日】村上春树 林少华', '9787532776771', 38.00, '村上春树的残酷青春物语，现象级的超级畅销书，纪念《挪威的森林》问世30周年  ', 24.00, 177117, 6.30, 'http://img3m9.ddimg.cn/73/16/25239529-1_l_4.jpg', 100, '平装-胶订', '1');
INSERT INTO `tb_bookinfo` VALUES (159, 4, '高效能人士的七个习惯（30周年纪念版）：打造一套全新的思维方式和原则体系', '中国青年出版社', '2018-05-01 00:00:00', 16, '史蒂芬·柯维', '', '9787515350585', 79.00, '（非凡著作，历久弥新的思想，个人自我提升的人生必修课，组织变革成功的专属行动指南，附赠个人效能PEQ在线测评）(团购，请致电010-57993380) 爱读书，2019行动派，经管励志，五折封顶，点此查看 ', 58.50, 213339, 7.40, 'http://img3m2.ddimg.cn/3/4/25253022-1_l_9.jpg', 100, '平装-胶订', '1');
INSERT INTO `tb_bookinfo` VALUES (160, 9, '愿你，归来仍是少年（林清玄启悟人生系列）', '长江文艺出版社', '2017-03-15 00:00:00', 32, '林清玄', '', '9787535478344', 32.80, '林清玄散文精选全彩插图本，美院画家手绘水彩插图。多篇文章入选课本及高考试卷，老师推荐。随书附赠精美古风藏书票。  ', 19.70, 61520, 6.00, 'http://img3m4.ddimg.cn/88/19/24203014-1_l_6.jpg', 100, '平装-胶订', '1');
INSERT INTO `tb_bookinfo` VALUES (161, 6, '神奇校车·手工益智版（全8册）', '贵州人民出版社', '2016-07-13 00:00:00', 24, '乔安娜·柯尔', '', '24012161', 120.00, '全球畅销的系列科普读物，有趣的卷毛老师又将带孩子们展开全新的科学大冒险，让孩子们打开科学脑洞。附赠科学实验等游戏和校车模型，激发孩子的动手兴趣。（蒲公英童书馆出品） 5万童书 5折封顶 新春伊始 扬帆起航>> ', 60.00, 121068, 5.00, 'http://img3m1.ddimg.cn/8/12/24012161-1_l_6.jpg', 100, '平装-胶订', '1');
INSERT INTO `tb_bookinfo` VALUES (162, 9, '爱你就像爱生命（精装彩插典藏版）', '湖南文艺出版社', '2017-07-01 00:00:00', 32, '王小波', '', '9787540480776', 39.80, '王小波爱情专著，当代文学阅读无法绕过的经典，精装彩插珍藏版。《见字如面》何冰深情朗读！淡雅唯美装帧，阅读体验远超其他版本。（我的勇气和你的勇气加起来，对付这个世界总够了吧？）  ', 19.90, 75398, 5.00, 'http://img3m4.ddimg.cn/51/22/25090314-1_l_8.jpg', 100, '平装-胶订', '1');
INSERT INTO `tb_bookinfo` VALUES (163, 19, '时间简史（插图本）（央视《朗读者》推荐）', '湖南科技出版社', '2014-06-01 00:00:00', 16, '史蒂芬·霍金', '', '9787535732309', 45.00, '时间只留简史  世间再无霍金  ', 31.05, 431386, 6.90, 'http://img3m5.ddimg.cn/69/27/463785-1_l_1.jpg', 100, '平装-胶订', '1');
INSERT INTO `tb_bookinfo` VALUES (164, 9, '一只特立独行的猪', '北京十月文艺出版社', '2017-04-01 00:00:00', 32, '王小波', '', '9787530216712', 35.00, '王小波杂文精选集，逝世二十周年精装纪念版！幽默中充满智性，扛起一面自由、独立、理性的精神旗帜！——“我觉得黑色幽默是我的气质，是天生的。”  ', 22.80, 221281, 6.50, 'http://img3m0.ddimg.cn/35/24/24516890-1_l_3.jpg', 100, '精装', '1');
INSERT INTO `tb_bookinfo` VALUES (165, 6, '曹文轩文集典藏版（全7册）', '天天出版社有限责任公司', '2013-09-01 00:00:00', 32, '曹文轩', '', '9787501607846', 168.00, '超过200000读者好评推荐/“国际安徒生奖”，该奖项被誉为小诺贝尔文学奖/内含《草房子》《青铜葵花》《山羊不吃天堂草》《根鸟》《细米》《甜橙树》《三角地》 5万童书 5折封顶 新春伊始 扬帆起航>> ', 84.00, 249640, 5.00, 'http://img3m1.ddimg.cn/83/1/23323691-1_l_2.jpg', 100, '平装-胶订', '1');
INSERT INTO `tb_bookinfo` VALUES (166, 6, '去旅行系列（全2册）法国教育部推荐！深度知识体系的人文地理百科书', '广西科学技术出版社', '2017-09-01 00:00:00', 16, '阿梅莉·卡斯唐', '', '25165048', 216.00, '入选法国教育部向5-8岁儿童推荐书目，傅雷翻译奖大师翻译！《新京报书评周刊》推荐，《博物》《环球少年地理》主编力赞！历史、地理、政治、文化尽在其中！ 赠情景模拟硫酸纸卡，开拓孩子眼界的12种有趣方式 5万童书 5折封顶 新春伊始 扬帆起航>> ', 108.00, 89743, 5.00, 'http://img3m8.ddimg.cn/40/16/25165048-1_l_3.jpg', 100, '精装', '1');
INSERT INTO `tb_bookinfo` VALUES (167, 6, '神奇校车·动画版（全10册）', '贵州人民出版社', '2011-04-05 00:00:00', 20, '乔安娜柯尔', '布鲁斯迪根 绘 , 漆仰平', '9787221091857', 118.00, '美国学子出版社金牌畅销系列，备受小科学迷热爱推崇的科普童书！根据神奇校车科普动画片改编，将奇特想象和抽象的科学知识完美融合，主题更具体，故事更紧凑！“神奇校车·图画书版”进阶读本！（蒲公英童书馆出品） 5万童书 5折封顶 新春伊始 扬帆起航>> ', 59.00, 334803, 5.00, 'http://img3m6.ddimg.cn/87/30/25243206-1_l_5.jpg', 100, '平装-胶订', '1');
INSERT INTO `tb_bookinfo` VALUES (168, 6, '拼音真好玩（全彩6册）（从幼小衔接到一年级，拼音学习必备启蒙书，附赠超实用拼音全表） 小猛犸童书出品', '电子工业出版社', '2018-10-15 00:00:00', 24, '周霞', '', '9787121349614', 99.00, '根据小学拼音课程设置编写，包含400个常用音节，按照韵母、声母、复韵母、整体认读音节的学习顺序，带孩子进入拼音的趣味世界。全国50余所重点小学师生的使用心得，基础教育学科指导专家袁晓峰推荐 小猛犸童书 5万童书 5折封顶 新春伊始 扬帆起航>> ', 49.50, 11139, 5.00, 'http://img3m9.ddimg.cn/92/20/25352309-1_l_16.jpg', 100, '平装-胶订', '1');
INSERT INTO `tb_bookinfo` VALUES (169, 6, '写给儿童的中国地理（全14册）', '新世界出版社', '2016-09-01 00:00:00', 16, '陈卫平', '', '9787510459566', 392.00, '超级畅销书《写给儿童的中国历史》姊妹篇。14个自然区界，16幅细腻绘制的地形图，2000张景观图片，3000个风物典故，揭示地理的丰富有趣与诗意，让孩子亲近祖国大地，探索地理中的故事（步印童书馆出品） 5万童书 5折封顶 新春伊始 扬帆起航>> ', 196.00, 192491, 5.00, 'http://img3m3.ddimg.cn/15/4/24044343-1_l_6.jpg', 100, '平装-胶订', '1');
INSERT INTO `tb_bookinfo` VALUES (170, 8, '骆驼祥子（新课标）老舍经典小说，更适合青少年阅读的佳本', '浙江工商大学出版社', '2017-08-01 00:00:00', 32, '老舍', '', '9787517822363', 22.00, '老舍先生长篇小说代表作，杰出的现实主义作品，在中国现代文学史上拥有重要的地位。  ', 16.30, 57491, 7.40, 'http://img3m6.ddimg.cn/35/28/25126136-1_l_3.jpg', 100, '平装-胶订', '1');
INSERT INTO `tb_bookinfo` VALUES (171, 6, '米小圈上学记一年级（套装共4册）', '四川少儿出版社', '2018-04-01 00:00:00', 24, '北猫', '', '9787536587694', 100.00, '（风靡小学校园 米小圈上学记合集 爆笑日记 好玩的插图 附作文魔法 分龄阅读 和乐观幽默的米小圈一起长大） 5万童书 5折封顶 新春伊始 扬帆起航>> ', 50.00, 115836, 5.00, 'http://img3m7.ddimg.cn/91/21/25261327-1_l_3.jpg', 100, '平装-胶订', '1');
INSERT INTO `tb_bookinfo` VALUES (172, 9, '飞花令里读诗词 第一辑 春夏秋冬 套装共4册', '时代文艺出版社', '2017-10-01 00:00:00', 16, '琬如', '', '9787538755114', 99.00, '中国诗词大会通关宝典 从诗经、楚辞、汉赋到唐诗三百首、宋词三百首、明清佳句，按飞花令行令规则，遴选近500首脍炙人口的中国古诗词，陪你聆听150位诗人的千古咏叹 文艺好书5折封顶，点击这里进入会场>>49元5件，刚好包邮带走点这里>> ', 49.50, 70348, 5.00, 'http://img3m2.ddimg.cn/48/13/25165452-1_l_9.jpg', 100, '平装-胶订', '1');
INSERT INTO `tb_bookinfo` VALUES (173, 20, '怀孕圣经（2018全新升级修订版）', '山东科学技术出版社', '2018-07-25 00:00:00', 16, 'Anne', 'Anne Deans', '9787533158668', 69.80, '怀孕圣经（全新修订，出版14年全球热销过百万册，彩色图文怀孕书著名品牌，英国皇家学院妇产科荣授院士安妮迪恩斯主编，《辣妈正传》《一仆二主》电视剧曝光率高的怀孕宝典） 专题内49元5件任君挑选，2019好生活>>亲子健康美食旅行，专题内5折封顶>> ', 32.90, 149494, 4.70, 'http://img3m0.ddimg.cn/46/27/25338700-1_l_8.jpg', 100, '平装-胶订', '1');
INSERT INTO `tb_bookinfo` VALUES (174, 9, '林清玄散文精选（套装两册）', '作家出版社', '2017-03-01 00:00:00', 32, '林清玄', '', '9787506392907', 56.00, '（套装两册，包含《气清景明，繁花盛开》和《人间有味是清欢》两册，你心柔软，却有力量。全面收录林清玄创作生涯各时期经典代表作品，部分作品大陆首发。）春节期间因物流问题，预售或有延迟 文艺好书5折封顶，点击这里进入会场>>49元5件，刚好包邮带走点这里>> ', 28.00, 15347, 5.00, 'http://img3m8.ddimg.cn/39/32/24195738-1_l_3.jpg', 100, '平装-胶订', '1');
INSERT INTO `tb_bookinfo` VALUES (175, 6, '哈利·波特与死亡圣器（《语文》教材推荐阅读书目，外国儿童文学经典，新英国版封面平装版）', '人民文学出版社', '2018-11-01 00:00:00', 16, 'J.K.罗琳', '', '9787020144587', 75.00, '  ', 49.00, 62943, 6.50, 'http://img3m4.ddimg.cn/71/20/25479404-1_l_1.jpg', 100, '平装-胶订', '1');
INSERT INTO `tb_bookinfo` VALUES (176, 6, '0-4岁幼儿认知小百科（全3册)', '长江少年儿童出版社', '2014-02-01 00:00:00', 24, '吉田纯子', '', '23417701', 119.40, '中英双语，升级音频。600多种认知物品，标签栏管理配超萌简笔画插图！(绘本0-3岁)(心喜阅童书出品) 5万童书 5折封顶 新春伊始 扬帆起航>> ', 59.70, 247228, 5.00, 'http://img3m1.ddimg.cn/43/31/23417701-1_l_7.jpg', 100, '平装-胶订', '1');
INSERT INTO `tb_bookinfo` VALUES (177, 3, '简爱（浙大翻译家宋兆霖翻译，未删减全本。）九年级下册必读书目', '作家出版社', '2015-08-01 00:00:00', 32, '夏洛蒂勃朗特', '宋兆霖', '9787506379786', 29.80, '【当当出品】当当网此版本销售火爆！（公版书）女性独立自尊的永恒楷模 文艺好书5折封顶，点击这里进入会场>>49元5件，刚好包邮带走点这里>> ', 14.00, 114529, 4.70, 'http://img3m5.ddimg.cn/91/23/23752765-1_l_2.jpg', 100, '平装-胶订', '1');
INSERT INTO `tb_bookinfo` VALUES (178, 6, '米小圈漫画成语（套装共4册）', '四川少儿出版社', '2016-05-01 00:00:00', 24, '北猫', '', '23976685', 74.00, '（幽默造句 漫画演绎 笑点让小学生共鸣 过目难忘胜过被罚抄五十遍 漫画人物来自风靡小学校园的《米小圈上学记》） 5万童书 5折封顶 新春伊始 扬帆起航>> ', 37.00, 184740, 5.00, 'http://img3m5.ddimg.cn/73/19/23976685-1_l_12.jpg', 100, '平装-胶订', '1');
INSERT INTO `tb_bookinfo` VALUES (179, 3, '东野圭吾：嫌疑人X的献身（王凯、张鲁一推荐，至为纯粹的爱情，绝好的诡计）', '南海出版公司', '2014-06-01 00:00:00', 32, '东野圭吾', '刘子倩', '9787544267618', 35.00, '与《白夜行》《解忧杂货店》《恶意》并称为东野圭吾四大杰作，日本三大推理榜年度榜首作品，美国图书馆协会年度推理小说  ', 26.30, 656331, 7.50, 'http://img3m6.ddimg.cn/25/12/23490646-1_l_1.jpg', 100, '精装', '1');
INSERT INTO `tb_bookinfo` VALUES (180, 3, '摆渡人2：重返荒原（每一个镌刻着爱与善意的灵魂，都会成为我们生命中的摆渡人！内附精美插图！）', '百花洲文艺出版社', '2017-09-01 00:00:00', 32, '克莱儿·麦克福尔', '', '9787550024212', 42.80, '（随机作者中英文签章，百万畅销心灵治愈小说《摆渡人》第二季重磅来袭！如果生命进入再次的轮回，你又愿意为此付出怎样的代价？）白马时光  ', 21.40, 327169, 5.00, 'http://img3m2.ddimg.cn/16/23/25163242-1_l_20.jpg', 100, '平装-胶订', '1');
INSERT INTO `tb_bookinfo` VALUES (181, 8, '傅雷家书（新课标经典文学名著金库名师精评版！名校班主任、语文老师推荐必读书目！）', '天地出版社', '2017-01-01 00:00:00', 16, '闫仲渝', '', '9787545523782', 19.80, '  ', 16.00, 15757, 8.10, 'http://img3m2.ddimg.cn/2/31/24180752-1_l_2.jpg', 100, '平装-胶订', '1');
INSERT INTO `tb_bookinfo` VALUES (182, 9, '三毛全集02：撒哈拉的故事（1-9年级必读书单）', '北京十月文艺出版社', '2017-04-01 00:00:00', 32, '三毛', '', '9787530214787', 35.00, '流浪文学经典之作，唤起万千人心中的撒哈拉之梦，畅销三十余年热度不减。  ', 24.20, 193161, 6.90, 'http://img3m4.ddimg.cn/91/33/24242914-1_l_3.jpg', 100, '平装-胶订', '1');
INSERT INTO `tb_bookinfo` VALUES (183, 8, '居里夫人传（初中语文课外阅读经典读本 教育部推荐中小学生新课标必读名著）', '团结出版社', '2018-01-01 00:00:00', 32, '玛丽.居里', '', '9787512655942', 24.00, '（教育部部编初中语文教材八年级上指定阅读图书，一位坚强、高尚的伟大女性，两次获得诺贝尔奖的女性科学家，著名翻译家陈筱卿授权经典全译本）  ', 15.50, 19215, 6.50, 'http://img3m6.ddimg.cn/73/33/25193296-1_l_336.jpg', 100, '平装-胶订', '1');
INSERT INTO `tb_bookinfo` VALUES (184, 7, ' PET  P.E.T.父母效能训练:让亲子沟通如此高效而简单', '中国发展出版社', '2015-09-01 00:00:00', 16, '戈登', '琼林', '9787517703822', 35.00, '21世纪版，全球50 多个国家和地区正在传授推广的父母培训课程，被译为33种语言的畅销亲子沟通教程 专题内49元5件任君挑选，2019好生活>>亲子健康美食旅行，专题内5折封顶>> ', 16.50, 100695, 4.70, 'http://img3m8.ddimg.cn/42/36/23793108-1_l.jpg', 100, '平装-胶订', '1');
INSERT INTO `tb_bookinfo` VALUES (185, 3, '一九八四（又译作“1984”）', '时代文艺出版社', '2018-02-05 00:00:00', 32, '乔治·奥威尔', '傅霞', '9787538756036', 32.00, '豆瓣评分高达9.4；村上春树、王小波极力推荐；一本让你感到紧张、刺激、不安的讽喻小说 文艺好书5折封顶，点击这里进入会场>>49元5件，刚好包邮带走点这里>> ', 13.70, 58591, 4.30, 'http://img3m4.ddimg.cn/96/20/25215594-1_l_2.jpg', 100, '平装-胶订', '1');
INSERT INTO `tb_bookinfo` VALUES (186, 3, '人生（影响千万青年的励志名篇-- 马云、贾樟柯倾情推荐！）', '北京十月文艺出版社', '2012-03-01 00:00:00', 32, '路遥', '', '9787530211564', 25.00, '  ', 18.80, 266763, 7.50, 'http://img3m0.ddimg.cn/6/16/22632990-1_l_1.jpg', 100, '平装-胶订', '1');
INSERT INTO `tb_bookinfo` VALUES (187, 3, '兄弟（新版）', '作家出版社', '2017-08-09 00:00:00', 32, '余华', '', '9787506365697', 49.00, '余华作品，被誉为中国的弥尔顿《失乐园》。荣获法国国际信使外国小说奖 文艺好书5折封顶，点击这里进入会场>>49元5件，刚好包邮带走点这里>> ', 24.50, 72267, 5.00, 'http://img3m7.ddimg.cn/70/11/25147357-1_l_2.jpg', 100, '平装-胶订', '1');
INSERT INTO `tb_bookinfo` VALUES (188, 11, '枪炮、病菌与钢铁——人类社会的命运(修订版）', '上海译文出版社', '2016-07-01 00:00:00', 32, '贾雷德.戴蒙德', '谢延光', '9787532772322', 55.00, '人类社会发展史的另类阐释，东西方文明差异的独特审视；美国普利策奖、比尔?盖茨特别推荐作品  爱读书，2019行动派，人文社科好书5折封顶，点此进入促销会场>>> ', 27.50, 89909, 5.00, 'http://img3m5.ddimg.cn/55/4/24010525-1_l_6.jpg', 100, '平装', '1');
INSERT INTO `tb_bookinfo` VALUES (189, 7, '愿你慢慢长大（与刘瑜、周国平、冯唐等名家一起开始一场温柔的教养旅程，聊一聊关于教养的真心话，感受孩子成长的真实意义。）', '北京联合出版有限公司', '2018-01-01 00:00:00', 32, '刘瑜', '', '9787559611703', 45.00, '暂离惊人相似的教养法则，让孩子成长的世界好过我们今天的世界 专题内49元5件任君挑选，2019好生活>>亲子健康美食旅行，专题内5折封顶>> ', 21.20, 42102, 4.70, 'http://img3m8.ddimg.cn/68/29/25193588-1_l_14.jpg', 100, '平装-胶订', '1');
INSERT INTO `tb_bookinfo` VALUES (190, 14, '干法（团购，请致电010-57993380）', '机械工业出版社', '2015-05-01 00:00:00', 32, '稻盛和夫', '曹岫云', '9787111498247', 39.00, '稻盛和夫《干法》新版本！新授权版本！人民日报、共青团中央推荐！华章管理大师经典之稻盛和夫系列代表性力作！总结了“日本经营之圣”稻盛先生70多年工作经验，季羡林、张瑞敏、马云、俞敏洪、陈春花等倾情推荐！ 爱读书，2019行动派，经管励志，五折封顶，点此查看 ', 25.00, 78101, 6.40, 'http://img3m6.ddimg.cn/72/35/23692356-1_l_1.jpg', 100, '精装', '1');
INSERT INTO `tb_bookinfo` VALUES (191, 3, '时间移民（2014中国好书榜获奖图书，刘慈欣中短篇小说集）', '江苏文艺出版社', '2014-12-01 00:00:00', 32, '刘慈欣', '', '9787539964188', 32.00, '本书收录的《微纪元》入选2018年高考语文卷，《三体》作者刘慈欣的中短篇小说集，“2014中 国好书”获奖作品，白岩松、李敬泽、康辉推荐！ 文艺好书5折封顶，点击这里进入会场>>49元5件，刚好包邮带走点这里>> ', 16.00, 35210, 5.00, 'http://img3m7.ddimg.cn/6/1/23595567-1_l_1.jpg', 100, '平装-胶订', '1');
INSERT INTO `tb_bookinfo` VALUES (192, 4, '蔡康永的说话之道套装（全二册）', '湖南文艺出版社', '2014-07-01 00:00:00', 32, '蔡康永', '', '23544488', 65.00, '《蔡康永的说话之道》是说话方式的转变，《蔡康永的说话之道2》是演练“如何和别人相处”；越能体会和别人的说话之乐，你就能过得越好！ 爱读书，2019行动派，经管励志，五折封顶，点此查看 ', 32.50, 284446, 5.00, 'http://img3m8.ddimg.cn/11/19/23544488-1_l_8.jpg', 100, '平装-胶订', '1');
INSERT INTO `tb_bookinfo` VALUES (193, 6, '中国国家博物馆儿童历史百科绘本（5册）', '人民邮电出版社', '2018-06-01 00:00:00', 12, '中国国家博物馆', '', '25273429', 240.00, '中国国家博物馆与中央美院历时三年打造的原创中国历史绘本，从社会生活史入手，涵盖家庭、交通、饮食、大河、商贸等五大领域，以历史为纲领，以文物为实证，以朝代为线索，展现真实历史，传递正确的历史观和价值观。 5万童书 5折封顶 新春伊始 扬帆起航>> ', 120.00, 44373, 5.00, 'http://img3m9.ddimg.cn/16/24/25273429-1_l_6.jpg', 100, '精装', '1');
INSERT INTO `tb_bookinfo` VALUES (194, 6, '培生幼儿英语：预备级（升级版）', '湖北少儿出版社', '2017-11-01 00:00:00', 24, '培生集团', '', '25171016', 118.00, '培生英语，享誉全球。宝宝英文早教启蒙绘本，开启学龄前儿童英语学习潜能的图画书，手机扫描、有声伴读、全新升级 ，针对3-5岁英语零基础的幼儿，以单词和词组学习为主，当当少儿英语畅销榜TOP1。 5万童书 5折封顶 新春伊始 扬帆起航>> ', 59.00, 299047, 5.00, 'http://img3m6.ddimg.cn/68/27/25171016-1_l_6.jpg', 100, '平装-胶订', '1');
INSERT INTO `tb_bookinfo` VALUES (195, 6, '哈利·波特与魔法石（《语文》教材推荐阅读书目，外国儿童文学经典，新英国版封面平装版）', '人民文学出版社', '2018-11-01 00:00:00', 16, 'J.K.罗琳', '', '9787020144532', 42.00, '  ', 27.40, 136046, 6.50, 'http://img3m1.ddimg.cn/88/0/25479421-1_l_1.jpg', 100, '平装-胶订', '1');
INSERT INTO `tb_bookinfo` VALUES (196, 6, '宫西达也精选绘本（数学绘本+超人绘本+暖心绘本！第2辑，全5册）', '青岛出版社', '2018-10-26 00:00:00', 16, '宫西达也', '米雅', '25572546', 88.00, '全新组合！超能陪伴，智慧启迪！够温暖、有智慧、享欢乐、增能量。含《加法超人与算术星人》《奇幻超人》《神奇雨伞店》《狐狸爸爸笑了》《圣诞快乐，大野狼》 5万童书 5折封顶 新春伊始 扬帆起航>> ', 44.00, 12253, 5.00, 'http://img3m6.ddimg.cn/54/33/25572546-1_l_5.jpg', 100, '平装-胶订', '1');
INSERT INTO `tb_bookinfo` VALUES (197, 3, '狼图腾(修订版)（一部描绘、研究蒙古草原狼的“旷世奇书”）（1-9年级必读书单）', '长江文艺出版社', '2014-11-01 00:00:00', 16, '姜戎', '', '9787535476890', 39.80, '正版原著小说，十年经典，完美修订！  ', 19.90, 271210, 5.00, 'http://img3m2.ddimg.cn/48/24/23597292-1_l_1.jpg', 100, '平装-胶订', '1');
INSERT INTO `tb_bookinfo` VALUES (198, 6, '米小圈上学记二年级（套装共4册）', '四川少儿出版社', '2018-04-01 00:00:00', 24, '北猫', '', '9787536587731', 100.00, '（风靡小学校园 米小圈上学记合集 爆笑日记 好玩的插图 附作文魔法 分龄阅读 和乐观幽默的米小圈一起长大） 5万童书 5折封顶 新春伊始 扬帆起航>> ', 50.00, 89791, 5.00, 'http://img3m3.ddimg.cn/87/17/25261323-1_l_3.jpg', 100, '平装-胶订', '1');
INSERT INTO `tb_bookinfo` VALUES (199, 3, '熊镇（吴磊领读书目，马天宇私人书单，新的一年起，找到你要守护的东西）', '四川文艺出版社', '2018-12-01 00:00:00', 32, '弗雷德里克·巴克曼', '郭腾坚', '9787541149337', 45.00, '小说之神巴克曼迄今为止ZUI重要作品！“我把全部的自己都交付给了《熊镇》，这本书对我的意义超越了我之前写过的任何东西。”李银河、冯唐、李尚龙、七堇年都在读。 文艺好书5折封顶，点击这里进入会场>>49元5件，刚好包邮带走点这里>> ', 22.50, 19672, 5.00, 'http://img3m0.ddimg.cn/54/24/25859250-1_l_8.jpg', 100, '平装-胶订', '1');
INSERT INTO `tb_bookinfo` VALUES (200, 3, '了不起的盖茨比（我抹掉过去，只为了让爱重来！2018全新译本，诗意还原经典神韵）', '时代文艺出版社', '2018-01-15 00:00:00', 32, 'F.S.菲兹杰拉德', '张炽', '9787538756371', 26.00, '莱昂纳多主演同名电影原著小说。特别收录菲氏魔幻小说《像里茨饭店一样大的钻石》。豆瓣8.9分译者张炽恒翻译。 文艺好书5折封顶，点击这里进入会场>>49元5件，刚好包邮带走点这里>> ', 11.40, 46810, 4.40, 'http://img3m7.ddimg.cn/0/23/25215597-1_l_3.jpg', 100, '平装-胶订', '1');
INSERT INTO `tb_bookinfo` VALUES (201, 3, '流浪地球：刘慈欣获奖作品集', '长江文艺出版社', '2017-06-01 00:00:00', 16, '刘慈欣', '', '9787535485663', 36.00, '辑录刘慈欣短篇经典《流浪地球》、《乡村教师》（《疯狂的外星人》原著）《三体》作者、首位雨果奖亚洲得主刘慈欣作品。同名电影由吴京、屈楚萧、李光洁、吴孟达等主演，2019大年初一，火爆上映！  ', 27.00, 1947, 7.50, 'http://img3m6.ddimg.cn/96/6/25101546-1_l_7.jpg', 100, '平装-胶订', '1');
INSERT INTO `tb_bookinfo` VALUES (202, 9, '孤独六讲', '长江文艺出版社', '2017-04-01 00:00:00', 32, '蒋勋', '', '9787535492838', 48.00, '蒋勋经典代表作，全新精装版，亲作长序。TFboys王源《非虚构成长》感动推荐，一部经久不衰的孤独经典。以一颗柔软心，书写我们内心安定的力量。龙应台、席慕蓉、林青霞鼎力推荐，三毛特别推崇的美学大师  ', 26.40, 104592, 5.50, 'http://img3m8.ddimg.cn/93/36/24224898-1_l_13.jpg', 100, '精装', '1');
INSERT INTO `tb_bookinfo` VALUES (203, 7, '父母的格局：成就孩子的“第三种力量”  朱丹 马伊琍推荐', '中国妇女出版社', '2017-01-01 00:00:00', 16, '黄静洁', '', '9787512714021', 49.80, '父母的格局决定孩子的未来！格局不是口号，而是养育态度、养育方式；用格局视野破解养育难题、应对焦虑的当下和多变的未来！杨澜、马伊琍、王利芬、张思莱、郎朗、谭盾力荐 专题内49元5件任君挑选，2019好生活>>亲子健康美食旅行，专题内5折封顶>> ', 31.10, 37158, 6.20, 'http://img3m0.ddimg.cn/7/11/24158680-1_l_25.jpg', 100, '平装-胶订', '1');
INSERT INTO `tb_bookinfo` VALUES (204, 3, '夏日终曲（第90届奥斯卡获奖电影《请以你的名字呼唤我》原著小说，获最佳改编剧本奖）', '外语教学与研究出版社', '2018-02-19 00:00:00', 32, '安德烈·艾席蒙', '', '9787513598255', 39.90, '2018奥斯卡获奖影片Call me by your name原著小说。十七岁的爱情以身伺火，三十七岁时却温暖余生 睽违二十年的漫长告白：请以你的名字呼唤我  ', 23.10, 52875, 5.80, 'http://img3m3.ddimg.cn/3/31/25239063-1_l_3.jpg', 100, '平装-胶订', '1');
INSERT INTO `tb_bookinfo` VALUES (205, 3, '偷影子的人（2018新版）', '湖南文艺出版社', '2018-04-10 00:00:00', 32, '马克·李维', '', '9787540485214', 39.80, '一部唤醒童年回忆与内心梦想的温情疗愈小说，2013年度“大众ZUI喜爱的50本书”之一。数百万中文读者口口相传，外国文学畅销经典。附赠浪漫告白卡“青春初吻”纪念明信片。  ', 27.40, 1053065, 6.90, 'http://img3m7.ddimg.cn/70/27/25247347-1_l_3.jpg', 100, '平装-胶订', '1');
INSERT INTO `tb_bookinfo` VALUES (206, 3, '杀死一只知更鸟（精装）', '译林出版社', '2017-02-01 00:00:00', 32, '哈珀·李', '', '9787544766500', 48.00, '  ', 29.70, 63881, 6.20, 'http://img3m2.ddimg.cn/1/34/24185602-1_l_1.jpg', 100, '平装-胶订', '1');
INSERT INTO `tb_bookinfo` VALUES (207, 6, '不可思议的旅程（凯迪克大奖绘本三部曲）', '新星出版社', '2016-09-01 00:00:00', 12, '艾伦·贝克尔', '', '24033539', 118.80, '凯迪克大奖绘本三部曲全收录，获得年度桂冠童书、全国十佳童书、国家文津图书奖等多项大奖——爱心树童书（儿童绘本3-6岁）  ', 59.40, 174362, 5.00, 'http://img3m9.ddimg.cn/2/4/24033539-1_l_15.jpg', 100, '精装', '1');
INSERT INTO `tb_bookinfo` VALUES (208, 6, '小王子（新课标，教育部、清华附小推荐必读书目，入选苏教版语文教材。被译成300多种语言，销量高达5亿册，阅读量仅次于《圣经》）', '辽宁少年儿童出版社', '2017-04-01 00:00:00', 32, '埃克苏佩里', ', 梅思繁', '9787531569138', 22.80, '豆瓣9.7高分推荐！著名旅法翻译家梅思繁精准翻译，央美教授超高精度还原原作插画。首次收录全球范围内舞台剧、音乐会、电影、动画片等对《小王子》的精彩改编。  ', 8.90, 64314, 3.90, 'http://img3m9.ddimg.cn/75/6/25067469-1_l_2.jpg', 100, '平装-胶订', '1');
INSERT INTO `tb_bookinfo` VALUES (209, 3, '杀死一只知更鸟（纪念版）', '译林出版社', '2018-03-01 00:00:00', 32, '哈珀.李', '', '9787544772976', 39.80, '父母必读，影响全球5000万家庭的儿童教养经典，家庭教育的完美范本，美国中小学必读书目  ', 25.10, 226434, 6.30, 'http://img3m5.ddimg.cn/6/23/25279755-1_l_2.jpg', 100, '精装', '1');
INSERT INTO `tb_bookinfo` VALUES (210, 3, '张爱玲全集01：倾城之恋（2012年全新修订版，收录《金锁记》《第一炉香》《第二炉香》《倾城之恋》等张爱玲中篇经典。）', '北京十月文艺出版社', '2012-06-01 00:00:00', 32, '张爱玲', '', '9787530211168', 29.80, '  ', 22.40, 258948, 7.50, 'http://img3m7.ddimg.cn/5/1/22782677-1_l_3.jpg', 100, '平装-胶订', '1');
INSERT INTO `tb_bookinfo` VALUES (211, 11, '半小时漫画中国史3（《半小时漫画中国史》系列第3部，其实是一本严谨的极简中国史！）', '海南出版社', '2018-07-01 00:00:00', 32, '陈磊', '', '9787544382052', 39.90, '《半小时漫画中国史3》是300万粉丝大号“混子曰”创始人陈磊（二混子）继《半小时漫画中国史》后推出的全新力作，看半小时漫画，通五千年历史，用漫画解读历史，开启读史新潮流。读客熊猫君出品  爱读书，2019行动派，人文社科好书5折封顶，点此进入促销会场>>> ', 19.90, 729922, 5.00, 'http://img3m8.ddimg.cn/21/1/25301748-1_l_3.jpg', 100, '平装-胶订', '1');
INSERT INTO `tb_bookinfo` VALUES (212, 15, '译文纪实系列·鱼翅与花椒', '上海译文出版社', '2018-07-01 00:00:00', 32, '扶霞·邓洛普', '何雨珈', '9787532777914', 48.00, '每一道食物，都是一场冒险。舌尖上的记忆，他乡里的故乡。一个英国女孩充满酸甜苦辣的川菜情缘。《舌尖上的中国》总导演陈晓卿倾情推荐。人文社科联合书单&当当网联合发布“2018人文社科年度好书”。  爱读书，2019行动派，人文社科好书5折封顶，点此进入促销会场>>> ', 24.00, 11266, 5.00, 'http://img3m6.ddimg.cn/35/7/25299386-1_l_2.jpg', 100, '平装-胶订', '1');
INSERT INTO `tb_bookinfo` VALUES (213, 14, '稻盛和夫阿米巴经营经典套装（理论+实践）（当当独家定制套装）（团购，请致电010-57993380）', '中国大百科全书出版社', '2018-05-01 00:00:00', 32, '稻盛和夫', '', '9787520202824', 84.00, '日本经营之圣稻盛和夫亲笔撰写，首次全公开曾秘不外传的阿米巴经营要领！学习阿米巴经营的经典教材，畅销70万册 爱读书，2019行动派，经管励志，五折封顶，点此查看 ', 42.00, 9767, 5.00, 'http://img3m2.ddimg.cn/30/2/25288392-1_l_1.jpg', 100, '平装-胶订', '1');
INSERT INTO `tb_bookinfo` VALUES (214, 4, '情商是什么（杨澜、吴晓波联袂推荐。所谓情商高，绝不仅仅是会说话。百万畅销李筱懿全新力作。她用好听的故事深入浅出剖析情商硬知识）', '浙江文艺出版社', '2017-12-12 00:00:00', 32, '李筱懿', '', '9787533951092', 39.00, '情商是一门综合学问，是可以通过不断的训练和改造来提升的。44个生活智慧的故事，集知识性、趣味性和实用性于一体，专为都市男女量身打造的情商修炼指南。“故作高深的人讲道理，真正高深的人讲故事。”果麦出品 爱读书，2019行动派，经管励志，五折封顶，点此查看 ', 19.50, 100917, 5.00, 'http://img3m8.ddimg.cn/22/11/25201858-1_l_4.jpg', 100, '平装-胶订', '1');
INSERT INTO `tb_bookinfo` VALUES (215, 3, '牧羊少年奇幻之旅（央视《朗读者》、湖南卫视《天天向上》、黄轩、TFBOYS、高圆圆推荐，能改变一个人一生的书）', '北京十月文艺出版社', '2018-01-01 00:00:00', 32, '保罗·柯艾略', '', '9787530217054', 35.00, '一部能改变一个人一生的书，语种超过《圣经》，畅销170个国家，销量6500万册。当你想要某种东西时，整个宇宙会合力助你实现愿望  ', 26.30, 394900, 7.50, 'http://img3m8.ddimg.cn/50/28/25172978-1_l_5.jpg', 100, '精装', '1');
INSERT INTO `tb_bookinfo` VALUES (216, 8, '傅雷家书(学生读本)', '译林出版社', '2017-03-01 00:00:00', 16, '傅雷', '', '9787544768900', 29.80, '  ', 24.10, 76505, 8.10, 'http://img3m9.ddimg.cn/48/5/25093479-1_l_2.jpg', 100, '平装-胶订', '1');
INSERT INTO `tb_bookinfo` VALUES (217, 3, '张爱玲全集02：红玫瑰与白玫瑰（2012年全新修订版）', '北京十月文艺出版社', '2012-06-01 00:00:00', 32, '张爱玲', '', '9787530211151', 28.00, '  ', 21.00, 169765, 7.50, 'http://img3m6.ddimg.cn/4/0/22782676-1_l_3.jpg', 100, '平装-胶订', '1');
INSERT INTO `tb_bookinfo` VALUES (218, 18, '故宫院长说故宫 图文并茂 全彩精装', '天地出版社', '2017-08-01 00:00:00', 16, '李文儒', '', '9787545527100', 68.00, '原国家博物馆司司长 故宫博物院副院长 南开大学故宫学博导李文儒精彩演绎故宫的前世今生 全彩印刷 可读宜  爱读书，2019行动派，人文社科好书5折封顶，点此进入促销会场>>> ', 34.00, 33075, 5.00, 'http://img3m2.ddimg.cn/6/19/25113732-1_l_6.jpg', 100, '平装-胶订', '1');
INSERT INTO `tb_bookinfo` VALUES (219, 4, '认知天性：让学习轻而易举的心理学规律', '中信出版社', '2018-10-20 00:00:00', 32, '彼得·布朗', '', '9787508694672', 58.00, '11位世界*认知心理学家，历经10年的科研心血，1套认知规律。亚马逊年度学习畅销书，连续5年高居心理认知榜单Top1。樊登读书会、简单心理、TED中国引进者联合推荐。 爱读书，2019行动派，经管励志，五折封顶，点此查看 ', 36.60, 11383, 6.30, 'http://img3m3.ddimg.cn/59/6/25350593-1_l_3.jpg', 100, '平装-胶订', '1');
INSERT INTO `tb_bookinfo` VALUES (220, 13, '我不喜欢这世界,我只喜欢你', '湖南少年儿童出版社', '2015-05-01 00:00:00', 32, '乔一', '', '9787556212743', 29.80, '真实恋爱成长回忆录，*萌*暖のLove story。从校服到婚纱，爱让我们成为更好的人。随书赠F君情话卡4张  ', 17.10, 274251, 5.70, 'http://img3m6.ddimg.cn/7/7/23710606-1_l_1.jpg', 100, '精装', '1');
INSERT INTO `tb_bookinfo` VALUES (221, 7, '《0～3岁孩子的正面管教》', '北京联合出版公司', '2015-08-01 00:00:00', 16, '简·尼尔森', '花莹莹', '9787550255975', 42.00, '影响孩子一生的头三年，家庭教育畅销书《正面管教》作者简·尼尔森力作。养育0～3岁孩子的“黄金准则”。 专题内49元5件任君挑选，2019好生活>>亲子健康美食旅行，专题内5折封顶>> ', 21.40, 90135, 5.10, 'http://img3m6.ddimg.cn/19/20/23736556-1_l_1.jpg', 100, '平装', '1');
INSERT INTO `tb_bookinfo` VALUES (222, 26, '毛泽东选集（全四册，32开）', '   ', '1991-06-01 00:00:00', 32, '毛泽东', '', '23413230', 81.00, '  爱读书，2019行动派，人文社科好书5折封顶，点此进入促销会场>>> ', 60.80, 38424, 7.50, 'http://img3m0.ddimg.cn/27/0/23413230-1_l_1.jpg', 100, '平装-胶订', '1');
INSERT INTO `tb_bookinfo` VALUES (223, 8, '围城（“教育部统编《语文》推荐阅读丛书”）', '人民文学出版社', '2018-04-01 00:00:00', 16, '钱锺书', '', '9787020137374', 38.00, '  ', 29.50, 7868, 7.80, 'http://img3m0.ddimg.cn/35/10/25267310-1_l_1.jpg', 100, '平装-胶订', '1');
INSERT INTO `tb_bookinfo` VALUES (224, 3, '老人与海（新版！未删节插图珍藏版，《暗算》作者、茅奖得主麦家推荐版本！入选上海国际学校指定必读译本！）作家榜经典文库', '浙江文艺出版社', '2017-02-20 00:00:00', 32, '海明威', '鲁羊', '9787533947354', 39.80, '茅奖得主麦家推荐版本！稳居当当2018年度《老人与海》销量第1名！108840名读者全5星好评推荐！传奇译者鲁羊，继莫言、余华后成功登陆美国《纽约客》！认准作家榜经典文库，拒绝跟风劣质书！限时疯抢！ 文艺好书5折封顶，点击这里进入会场>>49元5件，刚好包邮带走点这里>> ', 19.90, 109154, 5.00, 'http://img3m3.ddimg.cn/25/3/24183943-1_l_71.jpg', 100, '精装', '1');
INSERT INTO `tb_bookinfo` VALUES (225, 6, '可爱的身体 （全8册）', '南海出版公司', '2010-01-01 00:00:00', 16, '七尾纯', '', '9787544245630', 118.00, '认识可爱的身体，养成健康好习惯。（爱心树童书出品） 5万童书 5折封顶 新春伊始 扬帆起航>> ', 59.00, 200989, 5.00, 'http://img3m3.ddimg.cn/20/32/25069493-1_l_2.jpg', 100, '平装-胶订', '1');
INSERT INTO `tb_bookinfo` VALUES (226, 6, '我们的身体', '未来出版社', '2012-06-01 00:00:00', 16, '艾德兰', '', '9787541745546', 155.00, '3-6岁 儿童性教育启蒙立体科普！超好玩、全面的人体百科，翻翻、转转、拉拉、触摸等多重趣味互动环节，让孩子爱上阅读，爱上探索！ 乐乐趣科普阅读翻翻书 5万童书 5折封顶 新春伊始 扬帆起航>> ', 77.50, 134234, 5.00, 'http://img3m7.ddimg.cn/57/36/23946177-1_l_19.jpg', 100, '平装-胶订', '1');
INSERT INTO `tb_bookinfo` VALUES (227, 8, '蓝鲸的眼睛 曹文轩推荐儿童文学经典书系 15000多名读者热评！', '北京教育出版社', '2015-04-01 00:00:00', 32, '冰波', '', '9787552256826', 22.80, '  ', 12.90, 47569, 5.70, 'http://img3m3.ddimg.cn/10/14/25257583-1_l_3.jpg', 100, '平装-胶订', '1');
INSERT INTO `tb_bookinfo` VALUES (228, 4, '遇见未知的自己（全新修订版）', '湖南文艺出版社', '2016-04-01 00:00:00', 32, '张德芬', '', '9787540475017', 38.00, '杨幂再度推荐！美好的事物会因为我们有意识的选择而发生。华语世界深具影响力身心灵作家张德芬代表作，畅销逾500万册。 爱读书，2019行动派，经管励志，五折封顶，点此查看 ', 19.00, 191465, 5.00, 'http://img3m1.ddimg.cn/40/17/23927251-1_l_14.jpg', 100, '平装-胶订', '1');
INSERT INTO `tb_bookinfo` VALUES (229, 3, '三体（精装纪念版）', '重庆出版社', '2017-07-01 00:00:00', 16, '刘慈欣', '', '9787229124410', 288.00, '  ', 167.50, 11922, 5.80, 'http://img3m5.ddimg.cn/17/24/25141265-1_l_3.jpg', 100, '精装', '1');
INSERT INTO `tb_bookinfo` VALUES (230, 7, '为何家会伤人（武志红代表作2018百万畅销纪念版）', '北京联合出版有限公司', '2018-09-01 00:00:00', 16, '武志红', '', '9787559613196', 58.00, '知名心理学家武志红从业25年来公认口碑代表作！深深触动和改变千万人的心理疗愈经典。家是港湾，爱是退路。（全书双色印制） 专题内49元5件任君挑选，2019好生活>>亲子健康美食旅行，专题内5折封顶>> ', 28.70, 126351, 4.90, 'http://img3m8.ddimg.cn/28/29/25351948-1_l_3.jpg', 100, '平装-胶订', '1');
INSERT INTO `tb_bookinfo` VALUES (231, 3, '我是猫（人类一思考，猫君就发笑。日本“国民大师”夏目漱石笔下会“吐槽”的猫。译文轻松幽默，好读，爱猫的你一定喜欢）', '浙江文艺出版社', '2015-06-01 00:00:00', 32, '夏目漱石', '曹曼', '9787533942236', 39.80, '一只萌猫的日常，猫生哲学让你捧腹大笑、眼界大开。细思极恐！这家伙在想什么？看完不敢直视猫，怕被“吐槽”译文轻松幽默，好读，爱猫的你定喜欢。  ', 19.90, 93490, 5.00, 'http://img3m7.ddimg.cn/50/25/23706887-1_l_1.jpg', 100, '平装-胶订', '1');
INSERT INTO `tb_bookinfo` VALUES (232, 6, '小威向前冲', '贵州人民出版社', '2018-04-23 00:00:00', 16, '尼古拉斯·艾伦', '漆仰平', '9787221079930', 36.00, '不仅是一堂生理卫生课的儿童绘本，在图与文的互动中，除了讲述一个小精子变成小宝宝的过程，还分享不放弃的力量、不完美的秘密、浓浓的爱意、浅浅的幽默以及孩子的思维方式。（蒲公英童书馆出品）  ', 18.00, 209753, 5.00, 'http://img3m7.ddimg.cn/50/16/25246337-1_l_12.jpg', 100, '精装', '1');
INSERT INTO `tb_bookinfo` VALUES (233, 5, '自卑与超越（白岩松推荐，超越自卑完整全译本）', '浙江文艺出版社', '2016-01-01 00:00:00', 32, '阿尔弗雷德阿德勒', '杨颖', '9787533943257', 32.00, '当当五星畅销书，阿德勒与弗洛伊德、荣格并称为20世纪三大心理学家。自卑感，是人类处境得以改善的动力之源。白岩松推荐!  爱读书，2019行动派，人文社科好书5折封顶，点此进入促销会场>>> ', 16.00, 38354, 5.00, 'http://img3m7.ddimg.cn/85/5/23837107-1_l_4.jpg', 100, '平装-胶订', '1');
INSERT INTO `tb_bookinfo` VALUES (234, 8, '希腊神话故事（新课标，奥林匹斯诸神与英雄们的神话传奇，了解西方文化的基础课，北大西语系翻译家高中甫译）', '浙江工商大学出版社', '2017-03-01 00:00:00', 32, '古斯塔夫·施瓦布', '斯塔夫·施瓦布,', '9787517820666', 24.00, '注音&详细注释&非改写&非编译，讲述奥林匹斯诸神、特洛伊战争的传说，郑振铎说：“不懂得希腊神话，简直没法了解和欣赏西方的文艺。”  ', 18.20, 45447, 7.60, 'http://img3m5.ddimg.cn/31/28/24229885-1_l_3.jpg', 100, '平装-胶订', '1');
INSERT INTO `tb_bookinfo` VALUES (235, 28, '美的历程（李泽厚代表名作）', '生活.读书.新知三联书店', '2014-03-01 00:00:00', 32, '李泽厚', '', '9787108030375', 56.00, '（《美的历程》是中国美学的经典之作,凝聚了李泽厚先生多年研究.他把中国人古往今来对美的感觉玲珑剔透地展现在大家眼前，如斯感性，如斯亲切。今配以精美的插图，本书更具体地显现出中国这段波澜壮阔的美的历程）  爱读书，2019行动派，人文社科好书5折封顶，点此进入促销会场>>> ', 30.80, 143230, 5.50, 'http://img3m4.ddimg.cn/97/6/23445574-1_l_3.jpg', 100, '精装', '1');
INSERT INTO `tb_bookinfo` VALUES (236, 6, '0-3岁亲子游戏纸板书（全5册）', '长江少年儿童出版社', '2018-09-01 00:00:00', 24, '冬野一子', '[日] 齐藤忍 等/绘；[日]柏原晃夫 设计；周龙梅', '25325424', 199.00, '0~3岁玩就是学！5种小baby喜欢的游戏，30多个好玩的小机关，在小手抠抠翻翻中锻炼精细动作、观察力、联想力和认知力。（心喜阅童书出品） 5万童书 5折封顶 新春伊始 扬帆起航>> ', 99.50, 4103, 5.00, 'http://img3m4.ddimg.cn/36/34/25325424-1_l_10.jpg', 100, '平装-胶订', '1');
INSERT INTO `tb_bookinfo` VALUES (237, 6, '安野光雅“美丽的数学”系列 （共5册）', '九州出版社', '2017-11-01 00:00:00', 16, '安野光雅', '艾茗', '9787510833243', 88.00, '日本绘本大师、安徒生奖得主安野光雅，携手东大教授倾心绘制。用温润的笔触，将抽象的数学本质展现在真实的生活场景中。带领孩子轻松走进美丽的数学世界。数学特级教师、国务院特殊津贴专家吴正宪老师精心撰写导读。 5万童书 5折封顶 新春伊始 扬帆起航>> ', 44.00, 61388, 5.00, 'http://img3m1.ddimg.cn/15/10/25188981-1_l_3.jpg', 100, '平装-胶订', '1');
INSERT INTO `tb_bookinfo` VALUES (238, 6, '猜猜我是谁系列套装（全4册）', '北京联合出版公司', '2014-11-01 00:00:00', 48, '尼娜兰登', '张芳', '25230922', 100.00, '宝宝的*本躲猫猫猜猜游戏书，适合0-3岁，精装硬纸小开本洞洞书撕不烂，婴儿早教启蒙。趣味认知，提高记忆力和观察力！美国销售超过100万册，欧美父母喜欢的宝宝互动益智玩具书！（童立方森林鱼出品） 5万童书 5折封顶 新春伊始 扬帆起航>> ', 50.00, 179852, 5.00, 'http://img3m2.ddimg.cn/79/30/25230922-1_l_5.jpg', 100, '组合包装', '1');
INSERT INTO `tb_bookinfo` VALUES (239, 6, '郑渊洁四大名传（全4册）', '浙江少年儿童出版社', '2015-12-01 00:00:00', 32, '郑渊洁', '', '23812468', 100.00, '内含皮皮鲁传、鲁西西传、舒克贝塔传、大灰狼罗克传。郑渊洁童话经典人物，故事影响了中国三代孩子，荣获“联合国全球十大图书”， 图文并茂版适合7-14岁阅读的儿童文学，皮皮鲁总动员出品  ', 59.00, 145872, 5.90, 'http://img3m8.ddimg.cn/97/8/23812468-1_l_1.jpg', 100, '平装-胶订', '1');
INSERT INTO `tb_bookinfo` VALUES (240, 6, '可爱的鼠小弟（1-22）', '南海出版公司', '2013-08-01 00:00:00', 16, '中江嘉男', '', '25069495', 386.00, '日本绘本史上的里程碑力作，世界儿童绘本经典中的经典，让孩子爱上阅读的启蒙读物（爱心树童书出品） 5万童书 5折封顶 新春伊始 扬帆起航>> ', 193.00, 100948, 5.00, 'http://img3m5.ddimg.cn/22/34/25069495-1_l_6.jpg', 100, '平装-胶订', '1');
INSERT INTO `tb_bookinfo` VALUES (241, 6, '新版林格伦作品选集·美绘版 长袜子皮皮', '中国少年儿童出版社', '2018-03-01 00:00:00', 32, '阿斯特丽德·林格伦', '', '9787500794141', 23.00, '入选“中国小学生基础阅读书目”。国际安徒生奖获得者林格伦的不朽经典。国内累计畅销逾两百万册。经典儿童文学。 5万童书 5折封顶 新春伊始 扬帆起航>> ', 11.50, 384885, 5.00, 'http://img3m5.ddimg.cn/14/16/25235015-1_l_2.jpg', 100, '平装-胶订', '1');
INSERT INTO `tb_bookinfo` VALUES (242, 6, '林汉达中国历史故事集（珍藏版）', '中国少年儿童出版社', '2017-10-01 00:00:00', 16, '林汉达', '', '9787514840469', 59.00, '语言大师林汉达专为孩子编写的一部历史启蒙半个多世纪以来一直畅销不衰深受广大家长和小读者的欢迎和喜爱，此系列已成为历史普及读物中的经典。特别添加音频（扫一扫），让历史故事变得更加幽默诙谐。 5万童书 5折封顶 新春伊始 扬帆起航>> ', 29.50, 228245, 5.00, 'http://img3m9.ddimg.cn/79/36/25177759-1_l_2.jpg', 100, '平装-胶订', '1');
INSERT INTO `tb_bookinfo` VALUES (243, 6, '我的妈妈是精灵(百万纪念版，全新修订，入选小学生基础阅读书目）', '福建少年儿童出版社', '2018-01-29 00:00:00', 32, '陈丹燕', '', '9787539549842', 25.00, '入选小学生基础阅读书目，中国经典优秀儿童幻想小说，多次荣登畅销书排行榜 5万童书 5折封顶 新春伊始 扬帆起航>> ', 12.50, 139307, 5.00, 'http://img3m1.ddimg.cn/65/23/25225661-1_l_5.jpg', 100, '平装-胶订', '1');
INSERT INTO `tb_bookinfo` VALUES (244, 3, '傲慢与偏见 世界名著典藏', '中央编译出版社', '2015-04-01 00:00:00', 32, '奥斯丁', '罗良功', '9787511726155', 20.00, '名家全译本  华中师范大学罗良功教授权威译作  国际大师插图  完美典藏版 文艺好书5折封顶，点击这里进入会场>>49元5件，刚好包邮带走点这里>> ', 10.00, 39954, 5.00, 'http://img3m6.ddimg.cn/3/25/23717136-1_l_1.jpg', 100, '平装', '1');
INSERT INTO `tb_bookinfo` VALUES (245, 3, '第七天（2018版）', '新星出版社', '2018-08-01 00:00:00', 32, '余华', '', '9787513331418', 39.50, '比《活着》更绝望，比《兄弟》更荒诞，获华语文学传媒大奖·年度杰出作家  ', 29.60, 315717, 7.50, 'http://img3m0.ddimg.cn/49/34/25314250-1_l_3.jpg', 100, '精装', '1');
INSERT INTO `tb_bookinfo` VALUES (246, 3, '那不勒斯的萤火（被誉为欧美文坛近十年来的“灯塔”巨作，跟《追风筝的人》《阿甘正传》一样震撼灵魂、给人力量。）', '百花洲文艺出版社', '2018-05-01 00:00:00', 32, '马西米利亚诺', '', '9787550027510', 42.00, '（每个人的孤独背后，都印着另一个人的名字。随书附赠精美书签。白马时光）  ', 21.00, 144966, 5.00, 'http://img3m9.ddimg.cn/92/8/25268159-1_l_6.jpg', 100, '平装-胶订', '1');
INSERT INTO `tb_bookinfo` VALUES (247, 8, '数学原来可以这样学（畅销日本300万册，小学生家长必备。让孩子爱上数学的神奇魔法书！随书赠送数学练习簿）', '湖南人民出版社', '2014-06-01 00:00:00', 16, '野口哲典', '', '9787556100897', 32.80, '老师不会教的学习方法，孩子一学就开窍，就连数学不好的父母也能教出100分的孩子！  ', 26.50, 65189, 8.10, 'http://img3m8.ddimg.cn/78/30/23472978-1_l_1.jpg', 100, '平装-胶订', '1');
INSERT INTO `tb_bookinfo` VALUES (248, 28, '论语译注（简体字本）  2017修订新版', '中华书局', '2017-08-01 00:00:00', 32, '杨伯峻', '伯峻', '9787101127867', 26.00, '中华书局新版《论语译注》（杨伯峻译注，简体字本）  爱读书，2019行动派，人文社科好书5折封顶，点此进入促销会场>>> ', 17.60, 182595, 6.80, 'http://img3m1.ddimg.cn/94/2/25163221-1_l_2.jpg', 100, '平装-胶订', '1');
INSERT INTO `tb_bookinfo` VALUES (249, 8, '城南旧事（新课标，“华语文坛祖母”林海音怀念童年的自传体短篇小说集，入选人教版教科书、“20世纪中文小说100强”）', '安徽教育出版社', '2015-06-01 00:00:00', 32, '林海音', '', '9787533671532', 20.00, '此书的主题正如书中所说：“让实际的童年过去，心灵的童年永存下来。”  ', 14.80, 129363, 7.40, 'http://img3m2.ddimg.cn/52/5/23696692-1_l_4.jpg', 100, '平装-胶订', '1');
INSERT INTO `tb_bookinfo` VALUES (250, 8, '家（“教育部统编《语文》推荐阅读丛书”）', '人民文学出版社', '2018-04-01 00:00:00', 16, '巴金', '', '9787020137282', 48.00, '  ', 37.20, 3490, 7.80, 'http://img3m5.ddimg.cn/48/10/25267125-1_l_1.jpg', 100, '平装-胶订', '1');
INSERT INTO `tb_bookinfo` VALUES (251, 3, '东野圭吾：时生（东野圭吾暖心力作）', '南海出版公司', '2015-07-01 00:00:00', 32, '东野圭吾', '徐建雄 ', '9787544277723', 39.50, '（读了《解忧杂货店》意犹未尽的话，来读《时生》吧，会给你更多温暖与感动 日文版销量突破100万册）  ', 29.60, 215886, 7.50, 'http://img3m3.ddimg.cn/71/1/23730173-1_l_3.jpg', 100, '平装-胶订', '1');
INSERT INTO `tb_bookinfo` VALUES (252, 8, '骆驼祥子 七年级下 人教版名著阅读课程化丛书 教育部统编教材推荐必读书目 人民教育出版社', '人民教育出版社', '2017-06-01 00:00:00', 16, '老舍', '', '9787107316623', 28.80, '首套教育部统编教材配套名著阅读丛书。首套破解全国性名著阅读教学难题的丛书。丛书与教学完全同步，针对中学生阅读特点、难点，通过阅读建议、阅读规划等内容激发阅读兴趣、培养阅读能力、引导完成整本书的阅读。  ', 27.90, 18947, 9.70, 'http://img3m9.ddimg.cn/44/17/25112879-1_l_5.jpg', 100, '平装-胶订', '1');
INSERT INTO `tb_bookinfo` VALUES (253, 3, '我不（大冰作品。十个月狂销200万册，不容错过的奇书！）', '湖南文艺出版社', '2017-09-01 00:00:00', 32, '大冰', '', '9787540482190', 39.00, '百万级畅销书作家大冰2017年新书！用温暖的故事结一段小善缘，陪你微笑着对命运说：我不！不屈不挠、不破不立，他们因不，而不同，乃至不凡！随书奉送20余首有钱也买不到的民谣。  ', 21.50, 693123, 5.50, 'http://img3m1.ddimg.cn/40/29/25146931-1_l_9.jpg', 100, '平装-胶订', '1');
INSERT INTO `tb_bookinfo` VALUES (254, 8, '中国传统节日故事 小学语文课外读物 （收录专家解读节日和习俗，包含春节、元宵节、清明节、等所有重大节日）', '团结出版社', '2018-10-01 00:00:00', 32, '爱华文', '', '9787512664302', 22.00, '  ', 14.20, 731, 6.50, 'http://img3m4.ddimg.cn/54/11/25580664-1_l_3.jpg', 100, '平装-胶订', '1');
INSERT INTO `tb_bookinfo` VALUES (255, 3, '从你的全世界路过', '湖南文艺出版社', '2013-11-01 00:00:00', 32, '张嘉佳', '', '9787540458027', 36.00, '2015央视年度好书，近二十年华语小说销量奇迹，超40亿阅读，每个故事都在变成电影，每一分钟，都有人看到自己。张嘉佳献给你的心动故事！  ', 18.00, 1001329, 5.00, 'http://img3m2.ddimg.cn/34/15/23353342-1_l_8.jpg', 100, '平装-胶订', '1');
INSERT INTO `tb_bookinfo` VALUES (256, 11, '半小时漫画中国史（修订版）（其实是一本严谨的极简中国史。团购电话4001066666转6）', '江苏文艺出版社', '2017-06-30 00:00:00', 32, '陈磊', '', '9787539999883', 39.90, '300万粉丝大号“混子曰”创始人陈磊（二混子）力作！看半小时漫画，通五千年历史，用漫画解读历史，引领阅读新潮流（《半小时漫画中国史》是系列书的开篇）。读客熊猫君出品  爱读书，2019行动派，人文社科好书5折封顶，点此进入促销会场>>> ', 19.90, 491740, 5.00, 'http://img3m0.ddimg.cn/12/14/24242340-1_l_14.jpg', 100, '平装-胶订', '1');
INSERT INTO `tb_bookinfo` VALUES (257, 24, '成语大词典（彩色本）最新修订版 60000多名读者热评！团购电话4001066666转6', '商务印书馆国际有限公司', '2013-01-01 00:00:00', 32, '成语大词典', '', '9787801038692', 99.80, '（中国成语词典领先品牌，销售过亿，荣获集团“中版好书榜”优秀图书奖；新增成语2000余条，共收成语18000余条，酌情收列少量熟语，配有900余幅诠释成语内涵的彩色精美插图，具有一定的欣赏价值。）  ', 64.90, 131002, 6.50, 'http://img3m4.ddimg.cn/9/31/22925934-1_l_1.jpg', 100, '精装', '1');
INSERT INTO `tb_bookinfo` VALUES (258, 4, '刻意练习：如何从新手到大师', '机械工业出版社', '2016-10-24 00:00:00', 32, '安德斯·艾利克森', '', '9787111551287', 39.00, '杰出不是一种天赋，而是一种人人都可以学会的技巧！迄今发现的*强大学习法，成为任何领域杰出人物的黄金法则！ 爱读书，2019行动派，经管励志，五折封顶，点此查看 ', 23.40, 111023, 6.00, 'http://img3m4.ddimg.cn/88/10/24057484-1_l_6.jpg', 100, '平装-胶订', '1');
INSERT INTO `tb_bookinfo` VALUES (259, 5, '自卑与超越（也译作《超越自卑》）“生命对你来说可以意味着什么？”', '民主与建设出版社', '2017-11-01 00:00:00', 32, '阿尔弗雷德·阿德勒', '马晓佳', '9787513917117', 30.00, '与弗洛伊德齐名的心理学大师——阿德勒的代表作，帮助无数人找到强大的自我。白岩松、毕淑敏、俞敏洪等推荐阅读。  爱读书，2019行动派，人文社科好书5折封顶，点此进入促销会场>>> ', 12.60, 37539, 4.20, 'http://img3m7.ddimg.cn/84/23/25183407-1_l_1.jpg', 100, '平装-胶订', '1');
INSERT INTO `tb_bookinfo` VALUES (260, 11, '半小时漫画世界史（其实是一本严谨的极简世界史。）', '江苏凤凰文艺出版社', '2018-04-20 00:00:00', 32, '陈磊', '', '9787559418111', 39.90, '《半小时漫画世界史》是300万粉丝大号“混子曰”创始人陈磊（二混子）力作！看半小时漫画，通五千年历史。用漫画解读历史，开启阅读新潮流。读客熊猫君出品  爱读书，2019行动派，人文社科好书5折封顶，点此进入促销会场>>> ', 19.90, 173459, 5.00, 'http://img3m9.ddimg.cn/34/33/25252459-1_l_16.jpg', 100, '平装-胶订', '1');
INSERT INTO `tb_bookinfo` VALUES (261, 28, '理想国', '中国华侨出版社', '2012-05-01 00:00:00', 16, '柏拉图', '', '9787511321862', 35.00, '（畅销普及版）（荣登清华大学图书馆借阅榜榜首。各大榜单力荐，高知学霸热读。）  爱读书，2019行动派，人文社科好书5折封顶，点此进入促销会场>>> ', 17.50, 122297, 5.00, 'http://img3m7.ddimg.cn/66/27/22765017-1_l_17.jpg', 100, '平装-胶订', '1');
INSERT INTO `tb_bookinfo` VALUES (262, 13, '夏目友人帐', '百花洲文艺出版社', '2016-09-01 00:00:00', 32, '村井贞之', '廖雯', '9787550017771', 32.80, '只要有想见的人，就不再会是孤身一人了。日本殿堂级漫画家绿川幸感动千万网友的超治愈系神作。中国首次日方正版授权，初次小说化。夏目、猫老师等原班人马崭新回归！酷威文化 文艺好书5折封顶，点击这里进入会场>>49元5件，刚好包邮带走点这里>> ', 16.40, 98518, 5.00, 'http://img3m2.ddimg.cn/33/18/24017532-1_l_16.jpg', 100, '平装-胶订', '1');
INSERT INTO `tb_bookinfo` VALUES (263, 11, '人类简史三部曲： 人类简史+今日简史+未来简史', '中信出版社', '2018-11-01 00:00:00', 16, '尤瓦尔·赫拉利', '', '9787508696362', 204.00, '烧脑神书，颠覆你的世界观！错过这套书的人将错过未来！比尔?盖茨、马克?扎克伯格、丹尼尔?卡尼曼、奥巴马、罗振宇、张颐武、陈嘉映、傅盛重磅推荐！  爱读书，2019行动派，人文社科好书5折封顶，点此进入促销会场>>> ', 122.40, 67140, 6.00, 'http://img3m9.ddimg.cn/21/10/25546179-1_l_8.jpg', 100, '平装-胶订', '1');
INSERT INTO `tb_bookinfo` VALUES (264, 6, '法布尔昆虫记（全10册）（儿童彩图版）', '北京科学技术出版社', '2014-07-01 00:00:00', 16, '高苏珊娜', '（韩）金成荣  绘，李明淑 ', '9101748', 198.00, '人民日报推荐——适合6-12岁孩子看的好书，中科院张广学院士审定，国家新闻出版总署推荐阅读，听在线朗读，感受昆虫的喜怒哀乐，大师插画，让昆虫跃然纸上，当当网终身五星图书 5万童书 5折封顶 新春伊始 扬帆起航>> ', 99.00, 251543, 5.00, 'http://img3m8.ddimg.cn/84/7/9101748-1_l_4.jpg', 100, '平装-胶订', '1');
INSERT INTO `tb_bookinfo` VALUES (265, 6, '把坏脾气收起来', '北京科学技术出版社', '2017-08-01 00:00:00', 16, '卡罗尔·罗思', '', '9787530489475', 36.00, '（让孩子掌握疏导自己坏情绪的办法，巧妙又实用，当坏情绪来临时，让孩子不哭不闹，不乱发脾气，有话好好说，内容幽默讨喜，小老虎形象生动可爱，引起孩子共鸣，美国畅销情绪管理绘本）  ', 18.00, 70113, 5.00, 'http://img3m5.ddimg.cn/64/14/25102405-1_l_3.jpg', 100, '精装', '1');
INSERT INTO `tb_bookinfo` VALUES (266, 6, '我不敢说，我怕被骂', '北京联合出版公司', '2016-09-01 00:00:00', 16, '皮姆', '', '9787550284883', 34.80, '★超级奶爸邓超微博推荐的绘本：《我不敢说我怕被骂》《爱打嗝的斑马》《我喜欢自己》《是谁嗯嗯在我的头上》：坦诚面对自己，是需要勇气的事。经典畅销绘本 我爸爸我妈妈、大卫系列、花婆婆、奥莉薇系列、大脚丫系  ', 22.60, 117712, 6.50, 'http://img3m5.ddimg.cn/0/6/24144615-1_l_11.jpg', 100, '精装', '1');
INSERT INTO `tb_bookinfo` VALUES (267, 6, '孩子看的编程启蒙书（全4册）', '青岛出版社', '2018-09-01 00:00:00', 16, '松田孝', '', '25352515', 98.00, '每个孩子都应该学习编程思维，提高做事的计划性、逻辑性，增强分析问题、解决问题的能力，提升行动力！获“日本学校图书馆出版奖”。 5万童书 5折封顶 新春伊始 扬帆起航>> ', 49.00, 12125, 5.00, 'http://img3m5.ddimg.cn/1/4/25352515-1_l_12.jpg', 100, '平装-胶订', '1');
INSERT INTO `tb_bookinfo` VALUES (268, 6, '红帽子艾米莉（共24册） 法国经典畅销绘本，助孩子轻松解决成长问题', '辽宁少年儿童出版社', '2017-07-01 00:00:00', 40, '多米蒂耶·德普雷桑塞', '，邢培健 ', '9787531577942', 180.00, '畅销近半个世纪，法国媒体齐声赞誉。生动刻画儿童行为及心理，帮父母理解孩子，助孩子释放天性，养成好行为好习惯，轻松解决尿床、做噩梦、养小动物、上幼儿园、迷路和兄弟姐妹相处等成长问题。红帽子童书出品 5万童书 5折封顶 新春伊始 扬帆起航>> ', 78.10, 10285, 4.30, 'http://img3m8.ddimg.cn/84/32/25098168-1_l_2.jpg', 100, '盒装', '1');
INSERT INTO `tb_bookinfo` VALUES (269, 6, '舒克贝塔传（全10册）', '浙江少年儿童出版社', '2017-08-01 00:00:00', 32, '郑渊洁', '', '25125912', 200.00, '中国人耳熟能详的两只小老鼠舒克和贝塔历险记，郑渊洁经典童话，三代人原汁原味的童年记忆。荣获联合国评选的“全球十大图书”。图文并茂，适合6岁以上阅读，皮皮鲁总动员出品 5万童书 5折封顶 新春伊始 扬帆起航>> ', 100.00, 30731, 5.00, 'http://img3m2.ddimg.cn/9/26/25125912-1_l_1.jpg', 100, '平装-胶订', '1');
INSERT INTO `tb_bookinfo` VALUES (270, 6, '林格伦儿童文学作品集·典藏版——长袜子皮皮', '中国少年儿童出版社', '2013-01-01 00:00:00', 16, '林格伦', '李之义 ', '9787514809138', 28.00, '入选“中国小学生基础阅读书目”。国际安徒生奖获得者林格伦的不朽经典。国内累计畅销逾两百万册。经典儿童文学 5万童书 5折封顶 新春伊始 扬帆起航>> ', 14.00, 119305, 5.00, 'http://img3m2.ddimg.cn/20/8/23190572-1_l_1.jpg', 100, '平装-胶订', '1');
INSERT INTO `tb_bookinfo` VALUES (271, 6, '希利尔讲世界史、世界地理、艺术史 套装', '贵州教育出版社', '2010-04-01 00:00:00', 16, '希利尔', '陈继华 ', '20863205', 136.40, '儿童版房龙，这是一套能给所有小孩带来福气的书——给他们开阔的视野、呵护他们善良的本性、唤起对美持续的热情（步印童书馆出品） 5万童书 5折封顶 新春伊始 扬帆起航>> ', 68.20, 166965, 5.00, 'http://img3m5.ddimg.cn/44/15/20863205-1_l_3.jpg', 100, '平装-胶订', '1');
INSERT INTO `tb_bookinfo` VALUES (272, 6, '信谊世界精选图画书·猜猜我有多爱你', '明天出版社', '2018-01-01 00:00:00', 16, '山姆·麦克布雷尼', '[英] 安妮塔·婕朗 绘，梅子涵', '9787533274269', 38.80, '亲子共读书单上不可缺少的一本绘本，开启中国孩子的图画书阅读时代（猜猜我有多爱你：央视【朗读者】节目第9期 奥运冠军邹市明、冉莹颖 一家四口甜蜜朗读）  ', 33.63, 480285, 8.70, 'http://img3m0.ddimg.cn/72/6/25218540-1_l_3.jpg', 100, '平装-胶订', '1');
INSERT INTO `tb_bookinfo` VALUES (273, 6, '哈利·波特（套装1-7册）《语文》教材推荐阅读书目，外国儿童文学经典，新英国版封面平装版', '人民文学出版社', '2018-11-01 00:00:00', 16, 'J.K.罗琳', ' 苏农，马爱农，马爱新', '9787020146413', 438.00, '  ', 285.90, 165151, 6.50, 'http://img3m6.ddimg.cn/22/0/25583206-1_l_3.jpg', 100, '平装-胶订', '1');
INSERT INTO `tb_bookinfo` VALUES (274, 6, '平凡的世界：普及本', '北京十月文艺出版社', '2017-06-01 00:00:00', 32, '路遥', '', '9787530216774', 39.80, '央视新闻联播推荐！茅盾文学奖皇冠上的明珠，激励亿万读者的不朽经典，深受老师和学生喜爱的新课标必读书，儿童文学经典作品！  ', 29.90, 124221, 7.50, 'http://img3m8.ddimg.cn/71/10/25102808-1_l_2.jpg', 100, '平装-胶订', '1');
INSERT INTO `tb_bookinfo` VALUES (275, 6, '歪歪兔行为习惯系列互动图画书（全10册，赠完整版动画片DVD）', '海豚出版社', '2015-08-18 00:00:00', 24, '歪歪兔关键期早教项目组', '', '20927266', 90.00, '0 3岁行为习惯绘本,精选10个0-3岁重要的行为习惯培养主题，通过翻页游戏的形式，培养孩子必备的生活能力，引导孩子养成良好习惯。畅销8年的婴幼儿启蒙绘本。 5万童书 5折封顶 新春伊始 扬帆起航>> ', 45.00, 158889, 5.00, 'http://img3m6.ddimg.cn/52/29/20927266-1_l_3.jpg', 100, '平装-胶订', '1');
INSERT INTO `tb_bookinfo` VALUES (276, 6, '你好！数学套装珍藏版（套装30本）', '湖北少儿出版社', '2012-04-01 00:00:00', 24, '申惠恩', '惠恩　等文，赵美子　等图，仇艳　', '9787535367129', 240.00, '套装30本，人生数学概念的建立，从3岁开始！ 5万童书 5折封顶 新春伊始 扬帆起航>> ', 120.00, 68433, 5.00, 'http://img3m4.ddimg.cn/69/33/22732944-1_l_1.jpg', 100, '盒装', '1');
INSERT INTO `tb_bookinfo` VALUES (277, 6, '中国传统节日故事（全8册）', '贵州人民出版社', '2018-06-29 00:00:00', 32, '林良', '', '9787221115287', 168.00, '台湾儿童文学名家林良、马景贤、管家琪等人联袂创作的超好看故事集！遍涉春节、清明、端午、七夕、中元、冬至等八个传统节日，专家解说原汁原味的民俗，妙趣无穷！（蒲公英童书馆出品） 5万童书 5折封顶 新春伊始 扬帆起航>> ', 84.00, 20763, 5.00, 'http://img3m1.ddimg.cn/71/6/25273781-1_l_8.jpg', 100, '平装-胶订', '1');
INSERT INTO `tb_bookinfo` VALUES (278, 6, '神奇校车·阅读版（全16册）', '贵州人民出版社', '2011-06-01 00:00:00', 32, '乔安娜柯尔', '漆仰平，汪晓英，静博', '21085963', 128.00, '全球畅销的系列科普读物，桥梁书，由图画走向文字的儿童文学作品。孩子们将乘坐神奇校车和卷毛老师去浩瀚的宇宙、神秘的大海、丰富多彩的微生物世界进行探险。（蒲公英童书馆出品）儿童文学作品 5万童书 5折封顶 新春伊始 扬帆起航>> ', 64.00, 241940, 5.00, 'http://img3m3.ddimg.cn/52/33/21085963-1_l_4.jpg', 100, '平装-胶订', '1');
INSERT INTO `tb_bookinfo` VALUES (279, 9, '笑场（2017精装版）', '湖南文艺出版社', '2017-08-20 00:00:00', 32, '李诞', '', '9787540481827', 36.00, '高手从来不拔刀，真僧只说家常话。《吐槽大会》总策划、总撰稿人李诞首部作品精装典藏。收录了脍炙人口的《扯经》系列、奇趣故事，以及李诞近年来的多篇随笔散文。  ', 18.00, 78641, 5.00, 'http://img3m9.ddimg.cn/90/26/25142229-1_l_13.jpg', 100, '平装-胶订', '1');
INSERT INTO `tb_bookinfo` VALUES (280, 26, '华杉讲透《孙子兵法》（独家精装珍藏版）', '江苏文艺出版社', '2015-06-10 00:00:00', 16, '华杉', '', '9787539984094', 49.80, '（这回终于读懂《孙子兵法》！通俗通透解读经典战例，逐字逐句讲透兵法原意。各界热议，好评如潮！薛蛮子、雾满拦江强烈推荐！华杉凭借此书登上2016年企业家作家榜第九位！）读客熊猫君出品  爱读书，2019行动派，人文社科好书5折封顶，点此进入促销会场>>> ', 24.90, 77113, 5.00, 'http://img3m3.ddimg.cn/55/15/23709763-1_l_2.jpg', 100, '平装-胶订', '1');
INSERT INTO `tb_bookinfo` VALUES (281, 29, '经济学通识（第二版）', '北京大学出版社', '2015-09-08 00:00:00', 32, '薛兆丰', '', '9787301258699', 58.00, '经济学的文章，没有方程式，一样可以手起刀落；这里没有人云亦云，有的只是相见恨晚；本书讲述的经济学，想改变的不是世界，而是改变你自己；薛兆丰，经济学十年随笔，不与世界和解，只想让你了解：原来，一切如此。 爱读书，2019行动派，经管励志，五折封顶，点此查看 ', 37.50, 21878, 6.50, 'http://img3m3.ddimg.cn/18/10/25188093-1_l_3.jpg', 100, '精装', '1');
INSERT INTO `tb_bookinfo` VALUES (283, 20, '怀孕一天一页（第二版）（汉竹）', '江苏科学技术出版社', '2017-09-01 00:00:00', 16, '马良坤', '', '9787553785622', 49.80, '《怀孕一天一页》全新升级！协和专家干货分享，40周怀孕全程指导：产检、营养、胎教、保健、生活、宜忌，给你一本长胎不长肉的怀孕圣经。 专题内49元5件任君挑选，2019好生活>>亲子健康美食旅行，专题内5折封顶>> ', 24.70, 19840, 5.00, 'http://img3m3.ddimg.cn/3/4/25168773-1_l_1.jpg', 100, '平装-胶订', '1');
INSERT INTO `tb_bookinfo` VALUES (284, 19, '万物解释者', '北京联合出版公司', '2016-07-01 00:00:00', 8, '兰道尔·门罗', '', '9787550278592', 88.00, '复杂事物的极简说明书：比尔·盖茨2015年度推荐图书，《WHAT IF那些古怪又让人忧心的问题》作者新作，用小学生都能懂的文字和大幅蓝图科学解释万事万物，满足5~105岁人类的好奇心，送超大幅摩天大楼  ', 52.80, 33177, 6.00, 'http://img3m3.ddimg.cn/7/21/23982163-1_l_12.jpg', 100, '精装', '1');
INSERT INTO `tb_bookinfo` VALUES (285, 23, 'Python编程 从入门到实践', '人民邮电出版社', '2016-07-01 00:00:00', 128, '埃里克·马瑟斯', '', '9787115428028', 89.00, '【图灵程序设计丛书】Python3.5编程入门图书 机器学习 数据处理 网络爬虫热门编程语言 从基本概念到完整项目开发 帮助零基础读者迅速掌握Python编程 附赠源代码文件  ', 62.00, 63638, 7.00, 'http://img3m0.ddimg.cn/67/4/24003310-1_l_7.jpg', 100, '平装-胶订', '1');
INSERT INTO `tb_bookinfo` VALUES (286, 9, '沉默的大多数（手稿珍藏版）', '北京十月文艺出版社', '2017-04-01 00:00:00', 32, '王小波', '', '9787530216590', 35.00, '王小波杂文精选集，逝世二十周年精装纪念版！特别收入珍贵手稿！集结精粹杂文，全面呈现一位自由思想者的精神世界！——“从话语中，你很少能学到人性，从沉默中却能。”  ', 22.00, 71952, 6.30, 'http://img3m6.ddimg.cn/21/10/24516876-1_l_2.jpg', 100, '精装', '1');
INSERT INTO `tb_bookinfo` VALUES (287, 19, '森林的奇妙旅行', '北京联合出版有限公司', '2018-09-01 00:00:00', 32, '彼得·渥雷本', '', '9787559624376', 59.90, '畅销书《大自然的社交网络》作者关于自然、人类、环境、生存的全新思考！雄踞德国亚马逊畅销榜33周，携手《一个人的朝圣》插画师chapoo，开启一个你从未探索过的神奇秘境。科普作家三蝶纪微博推荐！  ', 30.00, 4917, 5.00, 'http://img3m8.ddimg.cn/13/0/25351438-1_l_3.jpg', 100, '精装', '1');
INSERT INTO `tb_bookinfo` VALUES (288, 12, '且以优雅过一生：杨绛传（杨绛传记的标杆之作）', '湖南文艺出版社', '2016-09-01 00:00:00', 32, '桑妮', '', '9787540477660', 32.00, '参透杨绛先生的百年人生智慧，做一个明媚从容、淡定优雅的女子。不妥协，不慌张，不迷茫，且以优雅过一生。畅销书《民国女子：她们谋生亦谋爱》作者桑妮感动新作。  ', 16.00, 140888, 5.00, 'http://img3m7.ddimg.cn/85/25/24026197-1_l_16.jpg', 100, '平装-胶订', '1');
INSERT INTO `tb_bookinfo` VALUES (289, 3, '傲慢与偏见（孙致礼先生的译本，幽默&唯美，豆瓣评分9.1分）', '西安交通大学出版社', '2017-01-01 00:00:00', 16, '奥斯丁', '孙致礼', '9787560574981', 33.00, '伊丽莎白对达西先拒绝后接受，这充分说明：“没有爱情可千万不能结婚。” 文艺好书5折封顶，点击这里进入会场>>49元5件，刚好包邮带走点这里>> ', 14.80, 88767, 4.50, 'http://img3m1.ddimg.cn/79/0/24170731-1_l_4.jpg', 100, '平装-胶订', '1');
INSERT INTO `tb_bookinfo` VALUES (290, 8, '钢铁是怎样炼成的（未删节全译本）', '江苏文艺出版社', '2017-02-01 00:00:00', 32, '尼·奥斯特洛夫斯基', ' 译 著，', '9787539998329', 36.00, 'CCTV《朗读者》张鲁新深情朗读。教育部推荐阅读，入选语文新课标必读书目。根据俄文原版直译，厚达四百页，一字未删  ', 23.30, 8428, 6.50, 'http://img3m8.ddimg.cn/97/18/24181738-1_l_4.jpg', 100, '平装-胶订', '1');
INSERT INTO `tb_bookinfo` VALUES (291, 11, '半小时漫画中国史2（《半小时漫画中国史》系列第2部，其实是一本严谨的极简中国史！）', '海南出版社', '2018-05-31 00:00:00', 32, '陈磊', '', '9787544382045', 39.90, '《半小时漫画中国史2》是300万粉丝大号“混子曰”创始人陈磊（二混子）继《半小时漫画中国史》后推出的全新力作，看半小时漫画，通五千年历史，用漫画解读历史，开启阅读新潮流。读客熊猫君出品  爱读书，2019行动派，人文社科好书5折封顶，点此进入促销会场>>> ', 19.90, 491449, 5.00, 'http://img3m9.ddimg.cn/81/1/25272999-1_l_6.jpg', 100, '平装-胶订', '1');
INSERT INTO `tb_bookinfo` VALUES (292, 8, '莫言给孩子的八堂文学课(莫言给孩子们的文学启蒙读本，当当上市次月销售破万册)', '浙江文艺出版社', '2018-11-01 00:00:00', 16, '莫言', '', '9787533954352', 36.00, '诺贝尔文学奖得主莫言带给孩子们的文学启蒙读本，八个单元，三十二篇美文。莫言审订；一线语文名师联袂编选，赏析，助读。参加“莫言给孩子的八堂文学课”线上活动，有机会与莫言及名师亲密互动，赢取神秘大奖。  ', 27.00, 3107, 7.50, 'http://img3m3.ddimg.cn/29/14/25574303-1_l_2.jpg', 100, '平装-胶订', '1');
INSERT INTO `tb_bookinfo` VALUES (293, 8, '骆驼祥子（“教育部统编《语文》推荐阅读丛书”）', '人民文学出版社', '2018-04-01 00:00:00', 16, '老舍', '', '9787020137756', 26.00, '教育部统编 语文教材 新课标 中小学必读  ', 20.20, 11650, 7.80, 'http://img3m4.ddimg.cn/39/14/25267314-1_l_2.jpg', 100, '平装-胶订', '1');
INSERT INTO `tb_bookinfo` VALUES (294, 3, '冷场（李诞2018年新书）', '四川文艺出版社', '2018-11-01 00:00:00', 32, '李诞', '', '9787541151460', 42.00, '《吐槽大会》嘉宾、人气大V李诞。黑色幽默仁波切、一米八三大诗人全新人间百态故事集，「ONE」App连载点击破千万。韩寒监制，「ONE 一个」出品。 文艺好书5折封顶，点击这里进入会场>>49元5件，刚好包邮带走点这里>> ', 21.00, 69534, 5.00, 'http://img3m5.ddimg.cn/76/1/25574845-1_l_5.jpg', 100, '平装-胶订', '1');
INSERT INTO `tb_bookinfo` VALUES (295, 5, '心理学与生活（第16版，中文版）', '人民邮电出版社', '2003-10-01 00:00:00', 16, '理查德.格里格', '', '9787115111302', 88.00, '  爱读书，2019行动派，人文社科好书5折封顶，点此进入促销会场>>> ', 56.40, 203055, 6.40, 'http://img3m5.ddimg.cn/66/0/8760675-1_l_1.jpg', 100, '平装', '1');
INSERT INTO `tb_bookinfo` VALUES (296, 11, '中国通史', '群言出版社', '2016-02-01 00:00:00', 16, '吕思勉', '', '9787519300203', 45.00, '（线装典藏版、三周年纪念版 两种装帧随机发货）吕思勉代表作；公认中国通史类口碑读本，重印过百次；黄仁宇、钱穆、柏杨、易中天等推崇备至的史学大作；文笔俱佳，学、才、识足备的通史著作；教育部推荐必读书。  爱读书，2019行动派，人文社科好书5折封顶，点此进入促销会场>>> ', 22.50, 43883, 5.00, 'http://img3m6.ddimg.cn/75/4/23920356-1_l_11.jpg', 100, '平装-胶订', '1');
INSERT INTO `tb_bookinfo` VALUES (297, 9, '城南旧事：一部触动千万读者灵魂的童年离骚', '江苏人民出版社', '2015-07-01 00:00:00', 16, '林海音', '', '9787214165961', 28.00, '20世纪中文小说百强之一，全新修订珍藏版！精选台湾文学“祖母级人物”林海音的成名作《城南旧事》和小说代表作《春风》《婚姻的故事》。大时代中的小故事，引领你重重温心底那段柔软的时光。 文艺好书5折封顶，点击这里进入会场>>49元5件，刚好包邮带走点这里>> ', 14.00, 65182, 5.00, 'http://img3m6.ddimg.cn/73/7/23808286-1_l_1.jpg', 100, '平装-胶订', '1');
INSERT INTO `tb_bookinfo` VALUES (298, 4, '活好 我这样活到105岁', '人民邮电出版社', '2018-10-01 00:00:00', 32, '日野原重明', '', '9787115489081', 45.00, '樊登读书会推荐解读 让樊登三次落泪的人生哲学智慧励志书籍 活着的目标 105岁老人穿透心灵讲诉另一个版本的相约星期二 照见灵魂的临终告白 解答你关于爱 生命 家庭 朋友 工作 孤独与死亡的人生困惑 爱读书，2019行动派，经管励志，五折封顶，点此查看 ', 22.50, 11263, 5.00, 'http://img3m7.ddimg.cn/52/16/25480177-1_l_8.jpg', 100, '平装-胶订', '1');
INSERT INTO `tb_bookinfo` VALUES (299, 6, '刘慈欣少儿科幻系列（全六册）', '科学普及出版社', '2018-06-01 00:00:00', 32, '刘慈欣', '', '9787110098219', 180.00, '《流浪地球》《乡村教师》即疯狂的外星人故事灵感。《三体》之后适宜少儿阅读的精品力作，超凡绝伦的故事，瑰丽奇特的想象，宏伟壮阔的场面，将为孩子们带来极大的精神享受...... 5万童书 5折封顶 新春伊始 扬帆起航>> ', 123.00, 616, 6.80, 'http://img3m3.ddimg.cn/42/33/25338003-1_l_3.jpg', 100, '平装-胶订', '1');
INSERT INTO `tb_bookinfo` VALUES (300, 8, '给青年的十二封信（中学生定制版）部编教材八年级下推荐阅读书系 团购电话4001066666转6', '长江文艺出版社', '2018-01-01 00:00:00', 16, '朱光潜', '', '9787535497253', 25.00, '本版为全本，不是选编，不是节选，原汁原味展示大师作品，不仅收录了《给青年的十二封信》，还新增了《谈修养》。两部相隔十年的作品，在此融合，让每一颗成长的灵魂在他的智慧之中得到滋养和丰富。  ', 20.20, 28568, 8.10, 'http://img3m7.ddimg.cn/17/18/25205417-1_l_3.jpg', 100, '平装-胶订', '1');
INSERT INTO `tb_bookinfo` VALUES (301, 22, '护肤全书（每天1个护肤小知识，1日1美活，陪你度过一年365天）', '江苏凤凰文艺出版社', '2018-06-01 00:00:00', 32, '庆田朋子', '', '9787559410931', 58.00, '火遍小红书，超10万人点赞收藏！张韶涵同款！你一定不能错过的陪伴型护肤全书！改善干燥、暗沉、粉刺、皱纹、色斑、松弛等肌肤问题，从改变每一天的护肤方法开始。 专题内49元5件任君挑选，2019好生活>>亲子健康美食旅行，专题内5折封顶>> ', 27.30, 35901, 4.70, 'http://img3m9.ddimg.cn/69/31/25270809-1_l_39.jpg', 100, '软精装', '1');
INSERT INTO `tb_bookinfo` VALUES (302, 19, '上帝掷骰子吗？量子物理史话（科学性和故事性的完美结合，具有超级影响力的科普佳作！）', '北京联合出版公司', '2011-04-01 00:00:00', 16, '曹天元', '', '9787550218895', 36.80, '读懂这本书，了解引力波，科学性和故事性的完美结合，具有超级影响力的科普佳作！当当独家销售  科技图书5折封顶 点击查看>> ', 18.40, 148081, 5.00, 'http://img3m4.ddimg.cn/26/11/22453424-1_l_3.jpg', 100, '平装-胶订', '1');
INSERT INTO `tb_bookinfo` VALUES (303, 6, '活了100万次的猫（珍藏版）', '接力出版社', '2017-04-01 00:00:00', 12, '佐野洋子', '', '9787544847223', 36.00, '（经典图画书，畅销全球40年，被誉为“读100万次也不会厌倦，超越了世代的名作”，作者评此作获日本紫绶褒章勋章）绘本3-6岁  ', 27.00, 248426, 7.50, 'http://img3m0.ddimg.cn/7/1/25108090-1_l_4.jpg', 100, '精装', '1');
INSERT INTO `tb_bookinfo` VALUES (304, 9, '文化苦旅 新版', '长江文艺出版社', '2014-04-01 00:00:00', 16, '余秋雨', '', '9787535447340', 39.80, '文化导师余秋雨开山之作，新版出版近1年重掀文化热，深思中国历史之力作《文化之痛》全新收录！影响三代华人的文化价值观，值得全家人一读再读的经典之作。  ', 22.80, 73134, 5.70, 'http://img3m2.ddimg.cn/81/29/23629302-1_l_1.jpg', 100, '平装-胶订', '1');
INSERT INTO `tb_bookinfo` VALUES (305, 9, '瓦尔登湖（瓦尔登湖畔，不只是身体的栖息之所，更是精神的沉思之地）（1-9年级必读书单）', '作家出版社', '2015-12-01 00:00:00', 32, '亨利戴维梭罗', '', '9787506382502', 25.00, '【当当出品】当当网此版本销量靠前！(公版书)一个人诗意地生活，静静地寻找一条以你命名的路 文艺好书5折封顶，点击这里进入会场>>49元5件，刚好包邮带走点这里>> ', 12.50, 140632, 5.00, 'http://img3m1.ddimg.cn/53/6/23828561-1_l_3.jpg', 100, '平装-胶订', '1');
INSERT INTO `tb_bookinfo` VALUES (306, 28, '厚黑学（全集典藏版）', '中国友谊出版公司', '2016-06-01 00:00:00', 16, '李宗吾', '', '9787505724099', 68.00, '“厚黑教主”李宗吾传世文字，全集精装典藏版，装帧豪华，精致高档！林语堂、南怀瑾、柏杨、李敖作序！世事洞明，人情练达，职场必读，处世必备！全集精装典藏版，抖音150万点赞！  爱读书，2019行动派，人文社科好书5折封顶，点此进入促销会场>>> ', 34.00, 28694, 5.00, 'http://img3m3.ddimg.cn/36/36/24245433-1_l_6.jpg', 100, '精装', '1');
INSERT INTO `tb_bookinfo` VALUES (307, 16, '西尔斯亲密育儿百科（最新修订版）', '南海出版公司', '2015-06-01 00:00:00', 16, '威廉西尔斯', '邵燕美', '9787544277211', 59.80, '美国妈妈人手一册的育儿宝典 专题内49元5件任君挑选，2019好生活>>亲子健康美食旅行，专题内5折封顶>> ', 44.80, 139748, 7.50, 'http://img3m0.ddimg.cn/16/11/23709130-1_l_4.jpg', 100, '平装-胶订', '1');
INSERT INTO `tb_bookinfo` VALUES (308, 3, '白鹿原', '作家出版社', '2017-04-13 00:00:00', 16, '陈忠实', '', '9787506394314', 38.00, '一部渭河平原的雄奇史诗，一幅中国农村的斑斓画卷。主人公白嘉轩六娶六丧，奇异的命运序曲预示着不祥。 文艺好书5折封顶，点击这里进入会场>>49元5件，刚好包邮带走点这里>> ', 19.00, 75156, 5.00, 'http://img3m1.ddimg.cn/37/31/25060501-1_l_3.jpg', 100, '平装-胶订', '1');
INSERT INTO `tb_bookinfo` VALUES (309, 8, '小学生必背文言文 学生版 教育部（语文课程标准）指定篇目', '中国少年儿童出版社', '2017-02-01 00:00:00', 16, '张瑞征', '', '9787514836172', 19.80, '  ', 14.10, 39869, 7.10, 'http://img3m2.ddimg.cn/67/28/24186262-1_l_2.jpg', 100, '平装-胶订', '1');
INSERT INTO `tb_bookinfo` VALUES (310, 6, '小黑漫游记（全3册）', '湖南少年儿童出版社', '2016-10-06 00:00:00', 32, '董肖娴', '', '9787556227464', 99.00, '近六米的超超长拉页，三段充满妙想的不可思议的旅程！一定会爱上绘本中的活泼小黑－千寻童书  ', 63.10, 1868, 6.40, 'http://img3m4.ddimg.cn/60/32/24057654-1_l_2.jpg', 100, '精装', '1');
INSERT INTO `tb_bookinfo` VALUES (311, 6, '0-3岁行为习惯教养绘本（全6册）', '长江少年儿童出版社', '2018-01-01 00:00:00', 24, '让娜·阿什比', '', '25215215', 100.80, '在温馨的亲子共读中教养好习惯！研究儿童早期阅读教育25年的作家让娜·阿什比，专为0-3岁幼儿创作的行为习惯绘本 5万童书 5折封顶 新春伊始 扬帆起航>> ', 50.40, 70730, 5.00, 'http://img3m5.ddimg.cn/14/11/25215215-1_l_3.jpg', 100, '平装-胶订', '1');
INSERT INTO `tb_bookinfo` VALUES (312, 6, '独一无二的你+勇敢做自己', '北京科学技术出版社', '2013-02-01 00:00:00', 16, '克兰兹', '薛亚男', '9787530464038', 58.00, '（儿童自主意识养成双绘本，美国畅销300,000册！从小培养孩子勇敢与自信，不依赖他人，学会分享。） 5万童书 5折封顶 新春伊始 扬帆起航>> ', 29.00, 166002, 5.00, 'http://img3m8.ddimg.cn/34/5/23174548-1_l_2.jpg', 100, '精装', '1');
INSERT INTO `tb_bookinfo` VALUES (313, 6, '小猪佩奇（全10册）', '安徽少年儿童出版社', '2013-05-01 00:00:00', 20, '英国快乐瓢虫出版公司', '国快乐瓢虫出版公司  改编，苗辉', '9787539763965', 120.00, '英国深受每个家庭和孩子喜爱的学前教育卡通同名图书，中英文对照珍藏版。3-6岁儿童故事书绘本图画书；粉红猪小妹卡通动漫书。 5万童书 5折封顶 新春伊始 扬帆起航>> ', 60.00, 267703, 5.00, 'http://img3m7.ddimg.cn/32/6/23248697-1_l_24.jpg', 100, '盒装', '1');
INSERT INTO `tb_bookinfo` VALUES (314, 6, '可爱的鼠小弟（1-12）', '南海出版公司', '2013-10-01 00:00:00', 16, '中江嘉男', '', '9787544244954', 198.00, '日本绘本史上的里程碑力作，畅销40年，日本累计重印1200次，中文版销量突破500万册，世界绘本经典中的经典（爱心树童书出品） 5万童书 5折封顶 新春伊始 扬帆起航>> ', 99.00, 231179, 5.00, 'http://img3m4.ddimg.cn/21/33/25069494-1_l_6.jpg', 100, '平装-胶订', '1');
INSERT INTO `tb_bookinfo` VALUES (315, 6, '一粒种子的旅行', '南海出版公司', '2017-06-01 00:00:00', 16, '安妮·默勒', '', '9787544248648', 35.00, '易烊千玺推荐，入选中国小学生基础阅读书目，德国青少年科普大奖。一粒种子的旅行，展现自然的神奇力量——爱心树童书出品  ', 26.30, 162160, 7.50, 'http://img3m1.ddimg.cn/32/34/25073861-1_l_2.jpg', 100, '精装', '1');
INSERT INTO `tb_bookinfo` VALUES (316, 6, '邦臣小红花·0-3岁专注力训练贴纸书 全6册', '中国人口出版社', '2016-07-01 00:00:00', 20, '北京小红花图书工作室', '', '9787510143984', 70.80, ' 5万童书 5折封顶 新春伊始 扬帆起航>> ', 35.40, 58786, 5.00, 'http://img3m0.ddimg.cn/91/1/24013630-1_l_9.jpg', 100, '平装-胶订', '1');
INSERT INTO `tb_bookinfo` VALUES (317, 6, '草房子（当当网定制版）', '天天出版社有限责任公司', '2015-03-01 00:00:00', 32, '曹文轩', '', '9787501609406', 25.00, '人民文学出版社天天出版社出品，经典作品，教师推荐，已有超过150000读者给予好评！ 5万童书 5折封顶 新春伊始 扬帆起航>> ', 12.50, 195562, 5.00, 'http://img3m2.ddimg.cn/32/4/23662022-1_l_1.jpg', 100, '平装-胶订', '1');
INSERT INTO `tb_bookinfo` VALUES (318, 6, '宝宝学说话系列 第1辑  语言启蒙（全5册）', '中国人口出版社', '2011-09-01 00:00:00', 20, '真果果', '', '9787510108204', 45.00, '您的宝宝在依依呀呀地学说话吗？真果果绘制的这套图书，从象声词开始，一词一句，短词长词，短句长句，到有韵律的句子，几个句子的小故事。妈妈说，宝宝模仿。宝宝学说话启蒙经典图画书，当当网热销百万册。 5万童书 5折封顶 新春伊始 扬帆起航>> ', 22.50, 242672, 5.00, 'http://img3m7.ddimg.cn/48/4/22547397-1_l_2.jpg', 100, '平装-胶订', '1');
INSERT INTO `tb_bookinfo` VALUES (319, 6, '信谊世界精选图画书·爷爷一定有办法', '明天出版社', '2013-04-01 00:00:00', 16, '菲比·吉尔曼', '宋珮', '9787533273460', 38.80, '  ', 33.63, 286442, 8.70, 'http://img3m9.ddimg.cn/60/36/25227339-1_l_3.jpg', 100, '平装-胶订', '1');
INSERT INTO `tb_bookinfo` VALUES (320, 6, '小牛顿科学馆：全新升级版 （科学蓝，30册礼品装）', '接力出版社', '2017-04-07 00:00:00', 16, '台湾牛顿出版股份有限公司', '', '9787544847841', 600.00, '荣获台湾出版金鼎奖，老版累计发行5000万册，多位权威院士审定，专为5-12岁孩子设计，与当今科学教育接轨，绿色环保印刷。过年送“小牛顿科学馆”，沉沉的礼盒厚厚的祝福！  ', 300.00, 34552, 5.00, 'http://img3m6.ddimg.cn/65/26/24193586-1_l_9.jpg', 100, '平装-胶订', '1');
INSERT INTO `tb_bookinfo` VALUES (321, 6, '男孩的冒险书（少儿绘图版，全三册）', '广西科学技术出版社', '2016-11-01 00:00:00', 16, '康恩·伊古尔登', '', '9787555106920', 198.00, '有史以来给男孩的完美手册升级！英国作者献给小男子汉的重磅手绘大作！原版连续12周《纽约时报》排行榜冠军，《时代周刊》鼎力推荐！入选清华附小寒假必读书单。从小做起！男孩要有一颗勇敢的心（阳光秀美童书馆） 5万童书 5折封顶 新春伊始 扬帆起航>> ', 99.00, 114487, 5.00, 'http://img3m6.ddimg.cn/92/11/24104216-1_l_12.jpg', 100, '精装', '1');
INSERT INTO `tb_bookinfo` VALUES (322, 6, '走进奇妙的几何世界（全6册）', '浙江教育出版社', '2016-01-01 00:00:00', 16, '格里贝利', '李耘', '9787553637419', 89.00, '多功能几何数学绘本，将学习和生活融合起来，让孩子轻松愉快地走进几何世界。爱心树童书出品 5万童书 5折封顶 新春伊始 扬帆起航>> ', 44.50, 87310, 5.00, 'http://img3m9.ddimg.cn/20/32/23831399-1_l_2.jpg', 100, '平装-胶订', '1');
INSERT INTO `tb_bookinfo` VALUES (323, 6, '阿凡提经典故事系列丛书（全4册）', '新疆青少年出版社', '2011-04-01 00:00:00', 16, '艾克拜尔', '', '21054899', 66.00, '经典儿童文学 5万童书 5折封顶 新春伊始 扬帆起航>> ', 33.00, 163476, 5.00, 'http://img3m9.ddimg.cn/74/12/21054899-1_l_2.jpg', 100, '平装-胶订', '1');
INSERT INTO `tb_bookinfo` VALUES (324, 6, '小狗钱钱套装（全2册）', '四川少儿出版社', '2018-04-01 00:00:00', 32, '博多·舍费尔', '', '9787536563582', 76.00, '  ', 60.00, 97800, 7.90, 'http://img3m0.ddimg.cn/1/13/25259950-1_l_3.jpg', 100, '平装-胶订', '1');
INSERT INTO `tb_bookinfo` VALUES (325, 6, '小熊很忙系列（套装全16册）', '中信出版社', '2018-09-01 00:00:00', 20, '本吉·戴维斯', '', '25304291', 590.00, '风靡全球经典系列，新增三大主题，16册全集，独家随机赠送帆布袋或纸板书。版权输出30多个国家，全球热销超500万册，中文版突破百万销量。厚纸板撕不烂，推推拉拉，中英双语童谣 5万童书 5折封顶 新春伊始 扬帆起航>> ', 295.00, 73146, 5.00, 'http://img3m1.ddimg.cn/89/28/25304291-1_l_15.jpg', 100, '精装', '1');
INSERT INTO `tb_bookinfo` VALUES (326, 6, '不用说，孩子就会听——歪歪兔逆反期教育系列图画书（全8册）', '海豚出版社', '2014-03-01 00:00:00', 24, '歪歪兔关键期早教项目组', '', '23415182', 75.00, '幼儿逆反期教育绘本。轻松搞定“各种小脾气”，专为逆反期宝宝量身定制，解决叛逆、哭闹、任性、霸道、自私、拖拉等成长难题，歪歪兔3-6岁经典绘本。 5万童书 5折封顶 新春伊始 扬帆起航>> ', 37.50, 164924, 5.00, 'http://img3m2.ddimg.cn/98/28/23415182-1_l_8.jpg', 100, '平装-胶订', '1');
INSERT INTO `tb_bookinfo` VALUES (327, 4, '将来的你，一定会感谢现在拼命的自己', '天津人民出版社', '2014-06-01 00:00:00', 32, '汤木', '', '9787201086880', 32.00, '（当当好书榜非虚构类第二名！亚洲优质青年偶像张艺兴感动阅读！好评近20万！） 爱读书，2019行动派，经管励志，五折封顶，点此查看 ', 16.00, 359249, 5.00, 'http://img3m6.ddimg.cn/21/10/23491236-1_l_1.jpg', 100, '平装-胶订', '1');
INSERT INTO `tb_bookinfo` VALUES (328, 8, '假如给我三天光明（新课标，名家翻译，非改写&非编译本，海伦·凯勒在逆境中创造奇迹的伟大自传，被时代周刊评为20世纪美国十大英雄偶像之一）', '安徽教育出版社', '2015-01-01 00:00:00', 32, '凯勒', '吴君芳，王一凡', '9787533679644', 18.00, '清华附小推荐选读书目；一部身残志坚的伟大女性的自传，影响“国民偶像”张海迪一生的精神楷模  ', 13.30, 123634, 7.40, 'http://img3m0.ddimg.cn/60/18/23643240-1_l_3.jpg', 100, '平装-胶订', '1');
INSERT INTO `tb_bookinfo` VALUES (329, 3, '秘密 （东野圭吾创作生涯里程碑）', '南海出版公司', '2017-11-01 00:00:00', 32, '东野圭吾', '', '9787544258210', 45.00, '陈乔恩微博推荐。东野圭吾经典长篇小说，创作生涯里程碑，日本读者票选东野作品第 2名，仅次于《白夜行》，全新译本精装典藏，无任何删节。这是一个只有两个人的三口之家，他们必须保守这个秘密。  ', 33.70, 305128, 7.50, 'http://img3m3.ddimg.cn/41/30/25172573-1_l_2.jpg', 100, '精装', '1');
INSERT INTO `tb_bookinfo` VALUES (330, 3, '无人生还：阿加莎 克里斯蒂作品集10（销售记录超过一亿册的侦探小说 被改编为二十部影视剧 同名话剧七十年常演不衰）', '新星出版社', '2013-07-01 00:00:00', 32, '阿加莎.克里斯蒂', '', '9787513312929', 28.00, '  ', 16.70, 158789, 6.00, 'http://img3m8.ddimg.cn/77/28/23311508-1_l_5.jpg', 100, '平装-胶订', '1');
INSERT INTO `tb_bookinfo` VALUES (331, 5, '真正厉害的人，都能掌控自己的情绪', '中国致公出版社', '2019-01-01 00:00:00', 32, '卡鲁恩·霍尔', '', '9787514513615', 42.00, '如果不想后悔，就别让自己陷入情绪洪流！美国心理大神教你用辩证行为疗法根除性格魔咒，做情绪主人，发挥天赋！美国电视台力荐、6500000人疯传力行！YouTube、Itunes、脸书盛行！附赠超值心理课  爱读书，2019行动派，人文社科好书5折封顶，点此进入促销会场>>> ', 21.00, 453, 5.00, 'http://img3m3.ddimg.cn/96/5/26192823-1_l_2.jpg', 100, '平装-胶订', '1');
INSERT INTO `tb_bookinfo` VALUES (332, 4, '九型人格 : 职场高品质沟通的艺术', '北京联合出版公司', '2016-07-01 00:00:00', 32, '海伦·帕尔默', '', '9787550279377', 39.80, '九型人格鼻祖海伦·帕尔默经典力作，其作品被译成26种语言，畅销百万册。 爱读书，2019行动派，经管励志，五折封顶，点此查看 ', 19.50, 83533, 4.90, 'http://img3m3.ddimg.cn/5/1/23998793-1_l_4.jpg', 100, '平装-胶订', '1');
INSERT INTO `tb_bookinfo` VALUES (333, 14, '影响力（经典版）（新版）（团购，请致电010-57993380）', '北京联合出版公司', '2016-09-01 00:00:00', 16, '罗伯特·B.西奥迪尼', '', '9787550284531', 54.90, '影响力作者新作《先发影响力》，解锁“预先说服”新技能！风靡全球三十载，《财富》杂志鼎力推荐的75本商业图书之一，当今社会心理学广为引述的经典著作！（团购100册以上，请致电010-57993380） 爱读书，2019行动派，经管励志，五折封顶，点此查看 ', 34.70, 125004, 6.30, 'http://img3m2.ddimg.cn/52/24/24028342-1_l_6.jpg', 100, '平装-胶订', '1');
INSERT INTO `tb_bookinfo` VALUES (334, 8, '朗读者（青少版） 人民文学出版社', '人民文学出版社', '2017-07-01 00:00:00', 16, '董卿', '', '9787020130733', 39.00, '  ', 30.80, 68232, 7.90, 'http://img3m6.ddimg.cn/83/25/25122026-1_l_3.jpg', 100, '平装-胶订', '1');
INSERT INTO `tb_bookinfo` VALUES (335, 7, '四五快读 全彩图升级版——幼儿快速识字阅读法（全8册）(让孩子爱上阅读 快乐识字)[精选套装]', '湖南科技出版社', '2012-02-01 00:00:00', 128, '杨其铎', '', '9787535764225', 211.40, ' 专题内49元5件任君挑选，2019好生活>>亲子健康美食旅行，专题内5折封顶>> ', 143.75, 165919, 6.80, 'http://img3m5.ddimg.cn/76/8/22745425-1_l_1.jpg', 100, '平装-胶订', '1');
INSERT INTO `tb_bookinfo` VALUES (336, 4, '活法', '东方出版社', '2012-05-01 00:00:00', 32, '稻盛和夫', '曹岫云', '9787506045025', 27.00, '畅销十年,单本在中国发行突破350万册。 两家世界500强企业京瓷及KDDI的创立者，日航起死回生奇迹的缔造者。 他是经营界的传奇式人物，却始终坚持简单而平实的活法。他就是稻盛和夫！ 爱读书，2019行动派，经管励志，五折封顶，点此查看 ', 16.20, 173024, 6.00, 'http://img3m3.ddimg.cn/80/5/22783643-1_l_12.jpg', 100, '平装-胶订', '1');
INSERT INTO `tb_bookinfo` VALUES (337, 6, '诺奖少年版（全套30册）2018年中童书畅销榜TOP3！日销售ZUI高达50000册，系列销量突破3000000册。含新课标书目', '辽宁少年儿童出版社', '2017-04-01 00:00:00', 32, '海明威', '', '25062481', 528.00, '2017当当新锐童书奖！22位诺奖大师的30部经典，北京电视台六一晚会重点推荐！教育部全国语文教材审定委员会金波审定，北师大教授、鲁迅文学奖得主、新阅读研究所研究员联合推荐（9-14岁）  ', 237.60, 263957, 4.50, 'http://img3m1.ddimg.cn/37/13/25062481-1_l_2.jpg', 100, '平装-胶订', '1');
INSERT INTO `tb_bookinfo` VALUES (338, 14, '卓有成效的管理者（珍藏版）（团购，请致电010-57993380）', '机械工业出版社', '2009-09-01 00:00:00', 16, '德鲁克', '许是祥 ', '9787111280712', 30.00, '华章管理大师经典之德鲁克系列 启蒙中国现代管理之书！终生受用的案头必读书！德鲁克管理经典著作！自我修炼的经典佳作！彼得o圣吉、杰克o韦尔奇等都是德鲁克思想的追随者 爱读书，2019行动派，经管励志，五折封顶，点此查看 ', 18.00, 202862, 6.00, 'http://img3m0.ddimg.cn/50/20/20687090-1_l_8.jpg', 100, '平装-胶订', '1');
INSERT INTO `tb_bookinfo` VALUES (339, 13, '撒野（巫哲新书）', '北京联合出版有限公司', '2018-10-01 00:00:00', 16, '巫哲', '', '9787559620187', 45.00, '晋江年度十大高人气原创文学之一，晋江年度纯爱现象级作品，大神级作者巫哲代表作  ', 24.80, 16046, 5.50, 'http://img3m1.ddimg.cn/27/11/25350561-1_l_6.jpg', 100, '平装-胶订', '1');
INSERT INTO `tb_bookinfo` VALUES (340, 5, '梦的解析（软精装珍藏本）', '国际文化出版公司', '2013-12-04 00:00:00', 16, '西格蒙德·弗洛伊德', '孙名之　', '9787512502482', 36.00, '著名心理学家、翻译大家孙名之权威译本！改变人类历史的划时代经典著作！  爱读书，2019行动派，人文社科好书5折封顶，点此进入促销会场>>> ', 18.00, 245468, 5.00, 'http://img3m6.ddimg.cn/90/28/22472496-1_l_2.jpg', 100, '精装', '1');
INSERT INTO `tb_bookinfo` VALUES (341, 8, '鲁滨孙漂流记(新课标，鲁滨逊漂流记，据英文原版全译本)', '浙江工商大学出版社', '2017-03-01 00:00:00', 32, '丹尼尔·笛福', ',  王晋华 ', '9787517819592', 28.00, '一堂生动有趣的野外生存挑战课，一本关于信仰、智慧、勇气与坚持的生存手记。非改写&非编译，还原纯净阅读。  ', 21.30, 44677, 7.60, 'http://img3m5.ddimg.cn/44/22/24187625-1_l_1.jpg', 100, '平装-胶订', '1');
INSERT INTO `tb_bookinfo` VALUES (342, 7, '不吼不叫：如何平静地让孩子与父母合作', '上海社会科学院出版社', '2016-03-01 00:00:00', 16, '罗娜·雷纳', '钟煜', '9787552010817', 32.80, '美国著名亲子教育专家罗娜·雷纳总结多年育儿智慧， 分析大吼大叫的深层因素， 真正帮助父母做到不吼不叫， 与孩子建立全面的合作关系。 专题内49元5件任君挑选，2019好生活>>亲子健康美食旅行，专题内5折封顶>> ', 16.40, 80372, 5.00, 'http://img3m7.ddimg.cn/34/12/23909227-1_l_4.jpg', 100, '平装-胶订', '1');
INSERT INTO `tb_bookinfo` VALUES (343, 12, '向前一步(珍藏版)', '中信出版社', '2014-10-01 00:00:00', 16, 'Sheryl', '', '9787508646244', 49.00, '（全球热读“LEAN.IN”简体中文版 杨澜、张欣、李开复、王石、徐小平等联袂推荐！）  ', 28.50, 94420, 5.80, 'http://img3m8.ddimg.cn/89/36/23574068-1_l_5.jpg', 100, '平装-胶订', '1');
INSERT INTO `tb_bookinfo` VALUES (344, 4, '情商：为什么情商比智商更重要', '中信出版社', '2018-01-01 00:00:00', 32, '丹尼尔·戈尔曼', '', '9787508683768', 69.00, '全球销量超过10000000册的《情商》作者、“情商之父” 丹尼尔·戈尔曼倾情之作！ 爱读书，2019行动派，经管励志，五折封顶，点此查看 ', 42.80, 31479, 6.20, 'http://img3m0.ddimg.cn/59/9/25212290-1_l_3.jpg', 100, '精装', '1');
INSERT INTO `tb_bookinfo` VALUES (345, 16, '实用程序育儿法(新版)', '北京联合出版公司', '2016-01-01 00:00:00', 16, '特蕾西·霍格', '张雪兰', '9787550251038', 42.00, '宝宝耳语专家教你解决宝宝喂养、 睡眠、情感、教育难题。天略图书出品 专题内49元5件任君挑选，2019好生活>>亲子健康美食旅行，专题内5折封顶>> ', 26.40, 70987, 6.30, 'http://img3m8.ddimg.cn/36/35/23820228-1_l_1.jpg', 100, '平装', '1');
INSERT INTO `tb_bookinfo` VALUES (346, 7, '[武志红力荐]当我遇见一个人（母亲即命运，知名心理学家李雪真诚诠释，尹建莉、张德芬、武志红、曾奇峰赞赏推荐）', '北京联合出版公司', '2016-06-01 00:00:00', 32, '李雪', '', '9787550263284', 39.00, '母婴关系决定孩子的一切关系。（著名漫画家阮筠庭手绘明信片 书签，水墨画家林曦操刀封面，读书赏画明心，因为遇见孩子，所以看见自己。） 专题内49元5件任君挑选，2019好生活>>亲子健康美食旅行，专题内5折封顶>> ', 19.30, 89091, 4.90, 'http://img3m2.ddimg.cn/42/16/23962992-1_l_17.jpg', 100, '平装-胶订', '1');
INSERT INTO `tb_bookinfo` VALUES (347, 17, '菜根谭—中华经典藏书', '吉林美术出版社', '2015-03-01 00:00:00', 16, '洪应明', '; 蔡世忠', '9787538693058', 38.00, '(无障碍阅读，完整定本，国内唯美精装插图本，中国处世智慧奇书，不可不读的国学精髓。一本蕴含中华五千年处世智慧的经典之作，是一种开阔思想，安顿身心的处世哲学，*高度评价。）  爱读书，2019行动派，人文社科好书5折封顶，点此进入促销会场>>> ', 19.00, 38051, 5.00, 'http://img3m3.ddimg.cn/8/29/23691203-1_l_7.jpg', 100, '平装-胶订', '1');
INSERT INTO `tb_bookinfo` VALUES (348, 3, '河边的错误 （《活着》余华畅销30年ZUI佳中篇小说集）', '时代文艺出版社', '2018-01-01 00:00:00', 32, '余华', '', '9787538755961', 42.00, '畅销30周年纪念版, 岩纹纯质, 红金烫印, 精装典藏；这里不仅有阴郁、冷酷的血腥场面，更重要的是，余华让我们看到人是如何被暴力裹挟前行，并成为暴力的制造者和牺牲者。 文艺好书5折封顶，点击这里进入会场>>49元5件，刚好包邮带走点这里>> ', 21.00, 19710, 5.00, 'http://img3m5.ddimg.cn/56/7/25201595-1_l_4.jpg', 100, '精装', '1');
INSERT INTO `tb_bookinfo` VALUES (349, 9, '中国诗词大会 第二季上下册（全两册）', '北京联合出版有限公司', '2017-07-01 00:00:00', 16, '中国诗词大会栏目组', '', '25105213', 69.60, '赏中华诗词，寻文化基因，品生活之美。董卿、王立群、康震、蒙曼、郦波联袂倾情推荐!  ', 46.50, 70954, 6.70, 'http://img3m3.ddimg.cn/1/10/25105213-1_l_3.jpg', 100, '平装-胶订', '1');
INSERT INTO `tb_bookinfo` VALUES (350, 4, '穷查理宝典：查理·芒格智慧箴言录（增订本）', '中信出版社', '2016-08-31 00:00:00', 16, '彼得', '美] 彼得 ? 考夫曼 | 编 李继宏', '9787508663326', 168.00, '他是巴菲特的导师与人生合伙人，他是当今伟大的投资思想家！巴菲特推崇的10本书之一！理解商业社会、认识成功本质必读的10本书之一！ 爱读书，2019行动派，经管励志，五折封顶，点此查看 ', 101.20, 84690, 6.00, 'http://img3m8.ddimg.cn/28/12/24002578-1_l_18.jpg', 100, '精装', '1');
INSERT INTO `tb_bookinfo` VALUES (351, 19, '很杂很杂的杂学知识：拿得起放不下的学问书（让百度疯狂，谷歌抽搐的杂学百科！一书在手，让你成为异性眼中的“博学红人”，社交圈子中“风趣明星”。）', '中国画报出版社', '2014-08-01 00:00:00', 16, '张立辉', '', '9787514610307', 36.00, '（让百度疯狂，谷歌抽搐的杂学百科！一书在手，让你成为异性眼中的“博学红人”，社交圈子中“风趣明星”。）  ', 17.30, 129212, 4.80, 'http://img3m2.ddimg.cn/65/11/23555432-1_l_3.jpg', 100, '平装-胶订', '1');
INSERT INTO `tb_bookinfo` VALUES (352, 20, '宝宝喜爱的睡前胎教故事：Honey，让爸爸的声音陪伴你', '中国轻工业出版社', '2017-01-01 00:00:00', 24, '菅波', '', '9787518412198', 32.80, '爸爸温柔浑厚的嗓音，是胎宝宝挚爱的美妙音乐。随书附赠精美“胎儿十月发育过程图挂图”！ 专题内49元5件任君挑选，2019好生活>>亲子健康美食旅行，专题内5折封顶>> ', 16.40, 15001, 5.00, 'http://img3m2.ddimg.cn/61/6/24166852-1_l_5.jpg', 100, '平装-锁线胶订', '1');
INSERT INTO `tb_bookinfo` VALUES (353, 3, '新参者（2016版）', '南海出版公司', '2016-02-01 00:00:00', 32, '东野圭吾', '', '9787544281102', 39.50, '（东野圭吾代表作作品  一个靠逻辑无法破解的案子  ）  ', 19.75, 103266, 5.00, 'http://img3m2.ddimg.cn/53/13/23845292-1_l_2.jpg', 100, '精装', '1');
INSERT INTO `tb_bookinfo` VALUES (354, 28, '学会提问（原书第10版）（批判性思维领域的“圣经”，看见柴静诸多提问背后的真谛）', '机械工业出版社', '2013-01-01 00:00:00', 32, '尼尔.布朗', '', '9787111406594', 35.00, '具备互联网思维必读书之一   爱读书，2019行动派，人文社科好书5折封顶，点此进入促销会场>>> ', 22.50, 189169, 6.40, 'http://img3m4.ddimg.cn/30/12/22925064-1_l_2.jpg', 100, '平装-胶订', '1');
INSERT INTO `tb_bookinfo` VALUES (355, 3, '乖，摸摸头（大冰作品！畅销350万册）', '湖南文艺出版社', '2014-10-01 00:00:00', 32, '大冰', '', '9787540468798', 36.00, '《我不》《好吗好的》《阿弥陀佛么么哒》本本畅销百万册作家大冰2014年作品！真实的故事自有万钧之力。愿你我带着微薄的行李和丰盛的自己在世间行走。忽晴忽雨的江湖，祝你有梦为马，随处可栖！  ', 18.00, 367596, 5.00, 'http://img3m2.ddimg.cn/49/5/23565712-1_l_4.jpg', 100, '平装-胶订', '1');
INSERT INTO `tb_bookinfo` VALUES (356, 11, '这个历史挺靠谱：袁腾飞讲历史（全三册）', '湖南人民出版社', '2013-07-01 00:00:00', 16, '袁腾飞', '', '9787543894440', 99.00, '中国通俗讲史界领军人物、百万级畅销书作家袁腾飞的代表作品《历史是个什么玩意儿》升级修订插图超值珍藏版，超受欢迎的简明通史，千万读者热烈追捧！附赠11小时袁腾飞讲课视频精华光盘！  爱读书，2019行动派，人文社科好书5折封顶，点此进入促销会场>>> ', 49.50, 143015, 5.00, 'http://img3m0.ddimg.cn/80/15/23295770-1_l_3.jpg', 100, '平装-胶订', '1');
INSERT INTO `tb_bookinfo` VALUES (357, 3, '穆斯林的葬礼（2015版）', '北京十月文艺出版社', '2015-09-01 00:00:00', 32, '霍达', '', '9787530212837', 49.80, '（正版销量突破三百万册限量纪念版 *有生命力的茅盾文学奖经典作品）  ', 37.40, 204342, 7.50, 'http://img3m5.ddimg.cn/10/35/23780305-1_l_2.jpg', 100, '精装', '1');
INSERT INTO `tb_bookinfo` VALUES (358, 8, '钢铁是怎样炼成的（最新版）语文新课标必读丛书/义务教育部分', '人民文学出版社', '1995-10-01 00:00:00', 32, '尼.奥斯特洛夫斯基', '', '9787020089918', 21.00, '  ', 16.30, 73319, 7.80, 'http://img3m8.ddimg.cn/10/0/22766248-1_l_3.jpg', 100, '平装', '1');
INSERT INTO `tb_bookinfo` VALUES (359, 3, '译文经典精装系列·月亮和六便士(看“一本好书”，在当当享阅读之趣)', '上海译文出版社', '2015-03-01 00:00:00', 32, '毛姆', '傅惟慈', '9787532749003', 36.00, '又译作月亮与六便士，毛姆代表作翻译大家傅惟慈先生译作 文艺好书5折封顶，点击这里进入会场>>49元5件，刚好包邮带走点这里>> ', 18.00, 199159, 5.00, 'http://img3m5.ddimg.cn/16/28/23684875-1_l_17.jpg', 100, '精装', '1');
INSERT INTO `tb_bookinfo` VALUES (360, 8, '草原上的小木屋 曹文轩推荐儿童文学经典书系 12000多名读者热评！', '北京教育出版社', '2015-04-01 00:00:00', 32, '怀德', '', '9787552256925', 22.80, '  ', 12.90, 40240, 5.70, 'http://img3m0.ddimg.cn/96/1/25257570-1_l_3.jpg', 100, '平装-胶订', '1');
INSERT INTO `tb_bookinfo` VALUES (361, 8, '茶馆（精装）', '湖南文艺出版社', '2017-05-22 00:00:00', 32, '老舍', '', '9787540480530', 29.80, '市井之地，看人生百态；方寸之间，品悲欢离合 。茶馆代表了一个时代的真相，收录老舍《茶馆》《宗月大师》等经典篇目，精装典藏，描绘一段历史，写活一个时代。  ', 19.30, 20497, 6.50, 'http://img3m6.ddimg.cn/46/14/25074766-1_l_6.jpg', 100, '平装-胶订', '1');
INSERT INTO `tb_bookinfo` VALUES (362, 14, '智能商业  曾鸣新书   马云作序推荐', '中信出版社', '2018-11-01 00:00:00', 32, '曾鸣', '', '9787508695761', 68.00, '阿里巴巴集团“军师”曾鸣新作，马云作序推荐！解码阿里5000亿美元市值背后的创新商业法则，权威披露阿里巴巴内部运营秘诀。决胜未来30年的新商业思维，湖畔大学教学内参！ 爱读书，2019行动派，经管励志，五折封顶，点此查看 ', 43.00, 9215, 6.30, 'http://img3m7.ddimg.cn/41/35/25478087-1_l_3.jpg', 100, '精装', '1');
INSERT INTO `tb_bookinfo` VALUES (363, 21, '财务自由之路：7年内赚到你的第一个1000万（团购电话:4001066666转6）', '现代出版社', '2017-03-09 00:00:00', 16, '博多·舍费尔', '刘欢', '9787514340921', 45.00, '全球销量超1000万册； 连续110周雄居德国图书排行榜榜首； 德国*投资人雷纳·齐特尔曼鼎力推荐； 《小狗钱钱》作者经久不衰的经典之作。 爱读书，2019行动派，经管励志，五折封顶，点此查看 ', 22.50, 70162, 5.00, 'http://img3m5.ddimg.cn/41/30/24198215-1_l_6.jpg', 100, '平装-胶订', '1');
INSERT INTO `tb_bookinfo` VALUES (364, 8, '爱的教育（新课标，夏丏尊先生流芳90年经典译本，享誉世界的儿童文学读物）', '安徽教育出版社', '2015-01-01 00:00:00', 32, '亚米契斯', '夏丏尊', '9787533679637', 20.00, '非改写&非编译，“偷看”他人日记，窥得童年秘密。朴实文字抒发爱的道理，世界公认的富有爱心和教育性的读物  ', 14.80, 113677, 7.40, 'http://img3m7.ddimg.cn/57/15/23643237-1_l_4.jpg', 100, '平装-胶订', '1');
INSERT INTO `tb_bookinfo` VALUES (365, 9, '文学回忆录（木心留给世界的礼物，陈丹青五年听课笔录）', '广西师范大学出版社', '2013-01-01 00:00:00', 32, '木心', '', '9787549530816', 98.00, '  ', 58.80, 138737, 6.00, 'http://img3m3.ddimg.cn/9/29/22929003-1_l_1.jpg', 100, '精装', '1');
INSERT INTO `tb_bookinfo` VALUES (366, 17, '古文观止（上下）', '浙江教育出版社', '2016-09-01 00:00:00', 16, '吴楚材', '清]吴楚材，吴调侯 编  钱素洲', '9787553636467', 52.00, '古诗选本必读《唐诗三百首》，古文选本首推《古文观止》  爱读书，2019行动派，人文社科好书5折封顶，点此进入促销会场>>> ', 24.40, 135633, 4.70, 'http://img3m2.ddimg.cn/10/32/24021172-1_l_2.jpg', 100, '平装-胶订', '1');
INSERT INTO `tb_bookinfo` VALUES (367, 6, '数学帮帮忙（全25册）多功能数学绘本', '新蕾出版社', '2013-04-01 00:00:00', 32, '达芙妮·斯金纳', '（美）杰瑞·史麦斯　绘，袁颖', '23219914', 225.00, '附赠原版英文，多功能数学绘本，荣获美国《学习杂志》教师推荐儿童读物奖，人教社小学数学教育专家推荐，两小千金妈妈精心撰写导读手册，培养孩子严谨、辩证的数学思维，帮孩子爱上数学！ 5万童书 5折封顶 新春伊始 扬帆起航>> ', 112.50, 169265, 5.00, 'http://img3m4.ddimg.cn/58/9/23219914-1_l_1.jpg', 100, '平装-胶订', '1');
INSERT INTO `tb_bookinfo` VALUES (368, 6, '德国精选科学图画书 （肚子里有个火车站+牙齿大街的新鲜事，套装2册，扫二维码听春天姐姐讲故事） ', '北京科学技术出版社', '2017-06-01 00:00:00', 16, '安娜·鲁斯曼', '', '9787530488461', 70.00, '（让孩子健康饮食、认真刷牙的神奇科学绘本，奥地利青少年文学奖获奖作品，全世界18种版本，热销22年，含《肚子里有个火车站》、《牙齿大街的新鲜事》，春天姐姐倾情朗读  张思莱推荐阅读）3-6岁绘本  ', 35.00, 251285, 5.00, 'http://img3m7.ddimg.cn/94/8/25084417-1_l_3.jpg', 100, '精装', '1');
INSERT INTO `tb_bookinfo` VALUES (369, 6, '去旅行系列（中国版）2018年度最值得期待的原创作品', '广西科学技术出版社', '2018-11-01 00:00:00', 16, '去旅行', '', '9787555110590', 108.00, '深度知识体系的中国人文地理百科书！《一本好书》总编剧、《博物》总监力赞！浓缩语文、历史、地理，带你探索10大博物馆、84个历史古迹、80个非遗，90个名人伟人，让孩子上知五千年历史，下明中国地理百科！ 5万童书 5折封顶 新春伊始 扬帆起航>> ', 54.00, 10595, 5.00, 'http://img3m5.ddimg.cn/24/9/25350855-1_l_3.jpg', 100, '精装', '1');
INSERT INTO `tb_bookinfo` VALUES (370, 6, '小熊宝宝绘本（2018版全15册）蒲蒲兰经典畅销绘本！新手妈妈的育儿宝典，销量超千万册！(0-3岁)', '连环画出版社', '2007-05-16 00:00:00', 24, '佐佐木洋子', '佐木洋子 文/图，蒲蒲兰', '9787505608252', 96.00, '情节简练，细节反复，培养幼儿语言发展。生活启蒙，引导宝宝养成良好生活习惯。底衬附有专家的指导文字，提醒爸爸妈妈们亲子共读时不要忽略精心布置的细节哦！蒲蒲兰绘本馆超级畅销书！当当终身五星级童书！  ', 67.20, 668881, 7.00, 'http://img3m8.ddimg.cn/87/1/25289538-1_l_3.jpg', 100, '平装-胶订', '1');
INSERT INTO `tb_bookinfo` VALUES (371, 6, '不一样的卡梅拉手绘本（1-12册）', '２１世纪出版社', '2013-06-01 00:00:00', 32, '克利斯提昂', '迪', '23257828', 120.00, '读不一样的卡梅拉，成就与众不同的你！儿童绘本  ', 67.00, 559450, 5.60, 'http://img3m8.ddimg.cn/55/35/23257828-1_l_5.jpg', 100, '平装-胶订', '1');
INSERT INTO `tb_bookinfo` VALUES (372, 15, '厚黑学(李宗吾著)', '群言出版社', '2006-09-01 00:00:00', 16, '李宗吾', '', '9787800806063', 29.80, '  爱读书，2019行动派，人文社科好书5折封顶，点此进入促销会场>>> ', 14.90, 112711, 5.00, 'http://img3m8.ddimg.cn/77/11/9214898-1_l_2.jpg', 100, '平装-胶订', '1');
INSERT INTO `tb_bookinfo` VALUES (373, 6, '魔法拼音国（套装 共7册）', '浙江少年儿童出版社', '2017-05-01 00:00:00', 24, '姜自霞', '', '9787559700001', 98.00, '“汉语拼音之父”周有光先生推荐；教育部语言文字应用研究所姜自霞博士编写；有趣的拼音童话，依据汉语拼音方案，300多个音节，多种游戏，学拼音轻松快乐不用愁！【附赠全套55张游戏纸牌，2种玩法，趣味无限】 5万童书 5折封顶 新春伊始 扬帆起航>> ', 49.00, 180818, 5.00, 'http://img3m0.ddimg.cn/97/1/25081450-1_l_7.jpg', 100, '平装-胶订', '1');
INSERT INTO `tb_bookinfo` VALUES (374, 6, '会说话的汉字（全3册，当当独家配备《亲子阅读指导手册》）', '青岛出版社', '2018-09-01 00:00:00', 12, '梅子涵', '', '25321490', 148.00, '一字一画、字画结合，帮助孩子轻松掌握150个基础汉字，梅子涵和潘川联袂打造，给孩子美丽的汉字启蒙。帮助孩子顺利度过幼小衔接，尽早适应一年级汉字学习,适合3-6岁孩子阅读。幼教专家亲撰阅读指导手册。 5万童书 5折封顶 新春伊始 扬帆起航>> ', 74.00, 5833, 5.00, 'http://img3m0.ddimg.cn/62/22/25321490-1_l_10.jpg', 100, '精装', '1');
INSERT INTO `tb_bookinfo` VALUES (375, 6, '罗尔德·达尔作品典藏 查理和巧克力工厂', '明天出版社', '2017-05-23 00:00:00', 32, '罗尔德·达尔', '', '9787533259617', 22.00, '  ', 16.13, 190883, 7.30, 'http://img3m8.ddimg.cn/44/32/25110008-1_l_3.jpg', 100, '平装-胶订', '1');
INSERT INTO `tb_bookinfo` VALUES (376, 15, '如何阅读一本书', '商务印书馆', '2004-01-01 00:00:00', 16, '莫提默·J.艾德勒', '郝明义 朱衣', '9787100040945', 46.00, '中国出版集团“中版好书榜”  爱读书，2019行动派，人文社科好书5折封顶，点此进入促销会场>>> ', 29.90, 244353, 6.50, 'http://img3m5.ddimg.cn/48/22/24215745-1_l_1.jpg', 100, '平装-胶订', '1');
INSERT INTO `tb_bookinfo` VALUES (377, 6, '安房直子幻想小说系列（共6册）', '少年儿童出版社', '2010-06-01 00:00:00', 24, '安房直子', '彭懿', '20810568', 102.00, '（包括花香小镇、黄昏海的故事、遥远的野玫瑰村等儿童文学作品） 5万童书 5折封顶 新春伊始 扬帆起航>> ', 51.00, 87317, 5.00, 'http://img3m8.ddimg.cn/75/29/20810568-1_l_2.jpg', 100, '平装-胶订', '1');
INSERT INTO `tb_bookinfo` VALUES (378, 8, '孙子兵法·三十六计（新课标，完整原文+详细注释+准确翻译+历史故事，一本少年儿童非常容易读懂的兵书）', '浙江工商大学出版社', '2017-08-01 00:00:00', 32, '孙武', '', '9787517822394', 25.00, '兵学圣典，世界牛人都在读！许多成语、格言警句的宝库，十三篇+三十六计，篇篇都有详细注释、准确译文，更有精彩战例！扫除阅读障碍，拓展文史知识  ', 18.50, 63825, 7.40, 'http://img3m3.ddimg.cn/32/25/25126133-1_l_3.jpg', 100, '平装-胶订', '1');
INSERT INTO `tb_bookinfo` VALUES (379, 11, '今日简史：人类命运大议题（《人类简史》《未来简史》作者2018年重磅新作！）', '中信出版社', '2018-08-20 00:00:00', 16, '尤瓦尔·赫拉利', '', '9787508692098', 68.00, '《人类简史》《未来简史》作者尤瓦尔·赫拉利新作！全球危机迫在眉睫，决定全球未来10年的关键议题，与每个人息息相关的现实启示录！  爱读书，2019行动派，人文社科好书5折封顶，点此进入促销会场>>> ', 44.00, 643071, 6.50, 'http://img3m9.ddimg.cn/94/5/25306969-1_l_4.jpg', 100, '平装-胶订', '1');
INSERT INTO `tb_bookinfo` VALUES (380, 3, '东野圭吾：恶意（2016版，东野圭吾四大杰作之一）', '南海出版公司', '2016-11-01 00:00:00', 32, '东野圭吾', '娄美莲', '9787544285148', 39.50, '与《白夜行》《嫌疑人X的献身》《解忧杂货店》并称东野圭吾四大杰作。无边的恶意深不见底，有如万丈深渊。读完《恶意》，才算真正认识东野圭吾！  ', 29.60, 432148, 7.50, 'http://img3m4.ddimg.cn/49/29/24041704-1_l_6.jpg', 100, '精装', '1');
INSERT INTO `tb_bookinfo` VALUES (381, 9, '飞花令里读诗词 第二辑 风花雪月 套装共4册 赠古诗词临摹字帖', '四川人民出版社', '2018-11-01 00:00:00', 16, '琬如', '', '9787220109669', 99.00, '当诗词化身成游戏，激发的不止是孩子的学习热情，更是大人的诗情画意。飞花令，诗和远方不再远  ', 59.40, 10186, 6.00, 'http://img3m1.ddimg.cn/11/12/25535081-1_l_4.jpg', 100, '平装-胶订', '1');
INSERT INTO `tb_bookinfo` VALUES (382, 4, '人性的弱点大全集（人性的弱点+人性的优点）（薛之谦推荐。20世纪最伟大的心灵导师和成功学大师戴尔·卡耐基）', '天津人民出版社', '2017-08-01 00:00:00', 32, '戴尔·卡耐基', '', '25160666', 60.00, '译自美国西蒙与舒斯特出版公司首版，真实还原卡耐基100篇手稿，销量仅次于《圣经》的畅销书！。  果麦出品 爱读书，2019行动派，经管励志，五折封顶，点此查看 ', 31.20, 69807, 5.20, 'http://img3m6.ddimg.cn/14/0/25160666-1_l_14.jpg', 100, '平装-胶订', '1');
INSERT INTO `tb_bookinfo` VALUES (383, 4, '好好说话：新鲜有趣的话术精进技巧（团购，请致电010-57993380）', '中信出版社', '2017-01-18 00:00:00', 32, '马东', '', '9787508671505', 49.00, '蔡康永、罗振宇、高晓松联袂推荐，李笑来、樊登作序推荐。200000+用户已深受影响，奉之为说话宝典。金句遍布网络，《奇葩说》人气选手系统阐述，倾囊相授。话语是一种权力。 爱读书，2019行动派，经管励志，五折封顶，点此查看 ', 28.50, 202200, 5.80, 'http://img3m9.ddimg.cn/4/15/24164419-1_l_20.jpg', 100, '精装', '1');
INSERT INTO `tb_bookinfo` VALUES (384, 14, '阿米巴经营——畅销十周年纪念版，当当全国独家（团购，请致电010-57993380）', '中国大百科全书出版社', '2016-03-01 00:00:00', 32, '稻盛和夫', '曹岫云', '9787500097167', 35.00, '稻盛和夫发明并奉行至今的经营理念，全球畅销10年，深刻影响了马云、张瑞敏、任正非等中国企业家！盛和塾鼎力推荐！ 爱读书，2019行动派，经管励志，五折封顶，点此查看 ', 17.50, 172303, 5.00, 'http://img3m0.ddimg.cn/7/28/23932960-1_l_16.jpg', 100, '平装', '1');
INSERT INTO `tb_bookinfo` VALUES (385, 9, '龙应台“人生三书”全3册套装', '广西师范大学出版社', '2015-05-01 00:00:00', 16, '龙应台', '', '23686893', 108.80, '购买布面典藏版，请点击【编辑推荐】内的购买链接。插图新版《目送》《亲爱的安德烈》《孩子你慢慢来》一堂人生课的三本畅销作业  ', 65.30, 137144, 6.00, 'http://img3m3.ddimg.cn/54/11/23686893-1_l_1.jpg', 100, '平装', '1');
INSERT INTO `tb_bookinfo` VALUES (386, 13, '少年的你，如此美丽(金马影后周冬雨 ，TFBOYS当红小生易烊千玺主演电影原著，人气作家玖月晞作品，随书赠送亲吻贺卡!)', '百花洲文艺出版社', '2016-09-01 00:00:00', 32, '玖月晞', '', '9787550018457', 32.00, '超人气作家玖月晞凛冽青春之作，有一种爱是藏不住的，闭上嘴巴，眼睛也会说出来。（随书附赠七年亲吻贺卡，白马时光）  ', 16.00, 27874, 5.00, 'http://img3m8.ddimg.cn/37/28/24019318-1_l_15.jpg', 100, '平装-胶订', '1');
INSERT INTO `tb_bookinfo` VALUES (387, 8, '笠翁对韵 中华经典儿童启蒙  注音+注释+典故 每日诵读十分钟 打好国学基本功', '中国文史出版社', '2015-01-01 00:00:00', 16, '李渔', '', '9787503458040', 18.00, '  ', 13.10, 187298, 7.30, 'http://img3m7.ddimg.cn/46/22/23630257-1_l_14.jpg', 100, '平装-胶订', '1');
INSERT INTO `tb_bookinfo` VALUES (388, 11, '史记（精装新版，全三册）', '岳麓书社', '2012-10-01 00:00:00', 32, '司马迁', '', '9787807616412', 128.00, '陈寅恪先生再传弟子、中国《史记》研究会名誉会长、中国《史记》研究大家韩兆琦先生潜心注释，精装全本，持续畅销，好评如潮。  爱读书，2019行动派，人文社科好书5折封顶，点此进入促销会场>>> ', 64.00, 147027, 5.00, 'http://img3m9.ddimg.cn/56/8/25308119-1_l_2.jpg', 100, '精装', '1');
INSERT INTO `tb_bookinfo` VALUES (389, 5, '自控力（畅销300万册纪念版！斯坦福大学广受欢迎的心理学课程！从自知到自控，拿回人生主导权！）', '文化发展出版社', '2017-10-31 00:00:00', 16, '凯利', '', '9787514219203', 45.00, '你是否总是减肥/戒烟失败？打算去看书，却打开了游戏？停不下刷朋友圈的手、不到*后一分钟不开始工作？翻开本书，只需10周，成功掌握自己的时间和生活！  爱读书，2019行动派，人文社科好书5折封顶，点此进入促销会场>>> ', 31.10, 457992, 6.90, 'http://img3m9.ddimg.cn/74/7/25174289-1_l_4.jpg', 100, '平装-胶订', '1');
INSERT INTO `tb_bookinfo` VALUES (390, 3, '房思琪的初恋乐园', '北京联合出版有限公司', '2018-02-01 00:00:00', 32, '林奕含', '', '9787559614636', 45.00, '张爱玲以后ZUI好的中文写作者，李银河、戴锦华、张悦然、蒋方舟、冯唐等郑重推荐！打动万千读者的现象级纯文学小说。豆瓣读书9.2超高评分。  ', 31.30, 88915, 7.00, 'http://img3m8.ddimg.cn/14/27/25208978-1_l_3.jpg', 100, '平装-胶订', '1');
INSERT INTO `tb_bookinfo` VALUES (391, 14, 'OKR工作法：谷歌、领英等公司的高绩效秘籍（团购，请致电010-57993380）', '中信出版社', '2017-09-01 00:00:00', 32, '克里斯蒂娜·沃特克', '', '9787508679099', 42.00, '风靡硅谷科技企业的全新工作模式，颠覆KPI的全新效率评估体系，领英资深产品经理深度解读，硅谷创业者、产品经理、人力资源主管都在使用的关键目标管理方法 爱读书，2019行动派，经管励志，五折封顶，点此查看 ', 25.80, 17786, 6.10, 'http://img3m4.ddimg.cn/68/16/25149434-1_l_6.jpg', 100, '精装', '1');
INSERT INTO `tb_bookinfo` VALUES (392, 3, '鬼吹灯全集 网剧黄皮子坟正在热映 套装共8册', '青岛出版社', '2016-01-01 00:00:00', 16, '天下霸唱', '', '23808814', 248.40, '同名网剧腾讯视频全网独播，潘粤明、辛芷蕾领衔主演正宗《鬼吹灯 怒晴湘西》！天下霸唱原著，盗墓小说开山之作，摸金校尉寻宝历险记，引领南派三叔《盗墓笔记》热销！新版腰封随机赠送。 文艺好书5折封顶，点击这里进入会场>>49元5件，刚好包邮带走点这里>> ', 124.20, 116921, 5.00, 'http://img3m4.ddimg.cn/7/17/23808814-1_l_11.jpg', 100, '平装-胶订', '1');
INSERT INTO `tb_bookinfo` VALUES (393, 3, '银河帝国：基地（被马斯克用火箭送上太空的科幻神作，讲述人类未来两万年的历史。人教版七年级下册教材阅读书目。）', '江苏文艺出版社', '2015-09-01 00:00:00', 32, '阿西莫夫', '叶李华', '9787539983295', 35.00, '（“银河帝国”百万册全新纪念版！阿西莫夫永恒的科幻经典！人类历史不容错过的系列小说——世界SF小说协会，1966年，俄亥俄州）读客熊猫君出品 文艺好书5折封顶，点击这里进入会场>>49元5件，刚好包邮带走点这里>> ', 17.50, 117773, 5.00, 'http://img3m5.ddimg.cn/27/1/23765175-1_l_7.jpg', 100, '平装-胶订', '1');
INSERT INTO `tb_bookinfo` VALUES (394, 3, '无声告白（就是她！征服欧美文坛的华裔作家！）', '江苏文艺出版社', '2016-09-01 00:00:00', 32, '伍绮诗', '孙璐', '9787539982830', 35.00, '征服欧美文坛的华裔作家！击败斯蒂芬·金、村上春树等99位大牌作家，凭借处女作夺得2014年美国年度图书桂冠！我们终此一生，就是要摆脱他人的期待，找到真正的自己。读客熊猫君出品 文艺好书5折封顶，点击这里进入会场>>49元5件，刚好包邮带走点这里>> ', 17.50, 344746, 5.00, 'http://img3m2.ddimg.cn/1/27/23718322-1_l_13.jpg', 100, '平装-胶订', '1');
INSERT INTO `tb_bookinfo` VALUES (395, 9, '目送：龙应台“人生三书”之三（彩插新版）', '广西师范大学出版社', '2014-01-01 00:00:00', 16, '龙应台', '', '9787549550173', 43.00, '购买布面典藏版，请点击【编辑推荐】内的购买链接。被誉为21世纪的《背影》 ，是跨三代共读的人生之书、感人至深的“生死笔记”，包含龙应台亲手摄影。  ', 25.80, 526640, 6.00, 'http://img3m5.ddimg.cn/60/0/23407125-1_l_1.jpg', 100, '平装-胶订', '1');
INSERT INTO `tb_bookinfo` VALUES (396, 8, '乌丢丢的奇遇 曹文轩推荐儿童文学经典书系150000多名读者热评！', '北京教育出版社', '2015-04-01 00:00:00', 32, '金波', '', '9787552258929', 18.80, '  ', 14.30, 180089, 7.60, 'http://img3m3.ddimg.cn/20/24/25257593-1_l_7.jpg', 100, '平装-胶订', '1');
INSERT INTO `tb_bookinfo` VALUES (397, 3, '刘慈欣合集《2018》与《时间移民》（共2册）', '江苏文艺出版社', '2014-12-01 00:00:00', 32, '刘慈欣', '', '23662164', 64.00, '本书收录的《微纪元》入选2018年高考语文卷，《三体》作者刘慈欣的中短篇小说集，“2014中 国好书”获奖作品，白岩松、李敬泽、康辉推荐！ 文艺好书5折封顶，点击这里进入会场>>49元5件，刚好包邮带走点这里>> ', 32.00, 21064, 5.00, 'http://img3m4.ddimg.cn/75/35/23662164-1_l_1.jpg', 100, '平装-胶订', '1');
INSERT INTO `tb_bookinfo` VALUES (398, 3, '了不起的盖茨比（新版未删节！2018当当《了不起的盖茨比》销量桂冠！译者荣获美国“艾奥瓦大学荣誉作家”称号）作家榜经典文库', '浙江文艺出版社', '2017-03-10 00:00:00', 32, '菲茨杰拉德', '董继平', '9787533948030', 45.00, '村上春树爱到背下来的书！此版荣获当当2018年度《了不起的盖茨比》销量第1名！创43915名读者5星好评奇迹！译者荣获美国艾奥瓦大学荣誉作家称号！认准作家榜经典文库，拒绝山寨书跟风劣质书！限时特惠！  ', 26.00, 44130, 5.80, 'http://img3m8.ddimg.cn/11/20/24207788-1_l_34.jpg', 100, '精装', '1');
INSERT INTO `tb_bookinfo` VALUES (399, 9, '人间词话（近代极富盛名的词话著作，集编、校、释、评于一体，赏读于一书）（1-9年级必读书单）', '北京联合出版公司', '2015-06-01 00:00:00', 32, '王国维', '', '9787550249691', 29.80, '中国二十世纪著名的诗词美学经典，深受鲁迅、胡适、梁启超、陈寅恪、朱光潜推崇的国学大师 文艺好书5折封顶，点击这里进入会场>>49元5件，刚好包邮带走点这里>> ', 12.80, 354116, 4.30, 'http://img3m7.ddimg.cn/84/13/23715237-1_l_2.jpg', 100, '平装-胶订', '1');
INSERT INTO `tb_bookinfo` VALUES (400, 5, '社会心理学（第11版）', '人民邮电出版社', '2016-01-01 00:00:00', 16, '戴维·迈尔斯', '侯玉波，乐国安，张智勇 ', '9787115410047', 128.00, '曾被翻译成12种语言，全球有800多万人用它来学习社会心理学，中文版曾重印42次，销量逾40万，津巴多和彭凯平联袂推荐！  爱读书，2019行动派，人文社科好书5折封顶，点此进入促销会场>>> ', 82.00, 84494, 6.40, 'http://img3m0.ddimg.cn/55/12/23840740-1_l_2.jpg', 100, '平装', '1');
INSERT INTO `tb_bookinfo` VALUES (401, 14, '子弹笔记（INS爆红，YouTube千万点赞的超级笔记术）', '北京联合出版有限公司', '2018-12-01 00:00:00', 32, '赖德·卡罗尔', '', '9787559627636', 58.00, '未读 | 新年新开始，用子弹笔记找回人生主动权，规划更好的2019。在互联网时代重新定义“效率”，梳理生活、规划时间、实现自我管理。Bullet Journal官方出品，全球24国/地区同步上市。 爱读书，2019行动派，经管励志，五折封顶，点此查看 ', 30.80, 7682, 5.30, 'http://img3m4.ddimg.cn/31/6/26241664-1_l_5.jpg', 100, '平装-锁线胶订', '1');
INSERT INTO `tb_bookinfo` VALUES (402, 20, '西尔斯怀孕百科（全新升级版）', '南海出版公司', '2015-08-01 00:00:00', 16, '威廉·西尔斯', '荀寿温', '9787544278645', 45.80, '（西尔斯博士代表作，《西尔斯亲密育儿百科》姊妹篇，首次为提出11项健康建议） 专题内49元5件任君挑选，2019好生活>>亲子健康美食旅行，专题内5折封顶>> ', 30.70, 113702, 6.70, 'http://img3m5.ddimg.cn/86/14/23755235-1_l_8.jpg', 100, '平装-胶订', '1');
INSERT INTO `tb_bookinfo` VALUES (403, 4, '掌控情绪，从来都不靠忍（别让情绪掌控你的人生）', '长江文艺出版社', '2018-07-24 00:00:00', 32, '剑圣喵大师', '', '9787570205134', 42.00, '写给总是一味付出，却受尽百般欺负的你。百万畅销书作家、国民励志偶像剑圣喵大师，为都市焦虑男女量身定制的诚意之作。从被动的隐忍到主动的掌控，助你获得收拾残局的能力。畅销书作家古典、李尚龙赞赏推荐！ 爱读书，2019行动派，经管励志，五折封顶，点此查看 ', 27.20, 84963, 6.50, 'http://img3m2.ddimg.cn/36/35/25314732-1_l_7.jpg', 100, '平装-胶订', '1');
INSERT INTO `tb_bookinfo` VALUES (404, 25, '窝在角落好安心系列（全三册套装）', '接力出版社', '2018-08-01 00:00:00', 32, '横沟百', '日本监修San-X编，米粒、毛德龙', '9787544851213', 111.60, '和轻松小熊、黑白猪同属日本San-X株式会社的角落小伙伴来啦！《窝在角落好安心》上市在日本出版三个月卖出30万册！日本新晋漫画家横沟百合全新作品《角落小伙伴的四季》《藏在角落里的名言》全新上市！ 文艺好书5折封顶，点击这里进入会场>>49元5件，刚好包邮带走点这里>> ', 55.80, 8625, 5.00, 'http://img3m3.ddimg.cn/3/6/25323213-1_l_6.jpg', 100, '平装-胶订', '1');
INSERT INTO `tb_bookinfo` VALUES (405, 4, '亲密关系：通往灵魂的桥梁（2015全新修订版）', '湖南文艺出版社', '2015-04-01 00:00:00', 32, '克里斯多福·孟', '张德芬，余慧玲', '9787540471194', 35.00, '2015全新修订版，知见领袖克里斯多福·孟新体悟、新观念；华语世界深具影响力身心灵作家张德芬翻译并全力推荐。 爱读书，2019行动派，经管励志，五折封顶，点此查看 ', 17.50, 163443, 5.00, 'http://img3m6.ddimg.cn/8/24/23675066-1_l_1.jpg', 100, '平装-胶订', '1');
INSERT INTO `tb_bookinfo` VALUES (406, 12, '李清照传：半生烟雨，半世落花', '人民交通出版社', '2016-12-01 00:00:00', 32, '随园散人', '', '9787114134081', 36.00, '千古才女，她敢于以女子之身，端立于众文人之间，不扭捏，不畏惧。认出了生活的模样，就会与时光握手言和。来来去去皆优雅，分分合合亦淡定。  ', 17.80, 63151, 4.90, 'http://img3m2.ddimg.cn/98/5/24166592-1_l_6.jpg', 100, '平装-胶订', '1');
INSERT INTO `tb_bookinfo` VALUES (407, 8, '小学生必背古诗词75+80首 近12万多读者好评，不同印次随机发货。', '华语教学出版社', '2014-02-01 00:00:00', 32, '说词解字辞书研究中心', '', '9787513806145', 28.00, '中国品牌教辅获奖图书，一直被模仿，从未被超越，全国同类书销售排行名列前茅  ', 21.70, 123418, 7.80, 'http://img3m8.ddimg.cn/74/0/23435948-1_l_10.jpg', 100, '平装-胶订', '1');
INSERT INTO `tb_bookinfo` VALUES (408, 4, '非暴力沟通[珍藏版]（当我们褪去隐蔽的精神暴力，爱将自然流露。该书入选香港大学推荐的50本必读书籍。）', '华夏出版社', '2015-01-31 00:00:00', 16, '马歇尔·卢森堡', '阮胤华', '9787508081908', 49.00, ' 爱读书，2019行动派，经管励志，五折封顶，点此查看 ', 33.80, 38849, 6.90, 'http://img3m8.ddimg.cn/7/15/23647048-1_l_1.jpg', 100, '平装', '1');
INSERT INTO `tb_bookinfo` VALUES (409, 3, '人间失格（新版！太宰治逝世70周年无删节典藏版，日本野间文艺翻译奖得主经典译本。随书附送太宰治自画像珍藏明信片。)（读客经典文库）', '江苏文艺出版社', '2018-04-01 00:00:00', 32, '太宰治', '陆求实', '9787539999166', 39.90, '日本史上销量前三的文学奇迹。日本现代文学史的代表作品，昭和文学不灭的金字塔。太宰治——被村上春树誉为国民级的作家，岩井俊二曾拍电影向他致敬！读客熊猫君出品 文艺好书5折封顶，点击这里进入会场>>49元5件，刚好包邮带走点这里>> ', 19.90, 14391, 5.00, 'http://img3m2.ddimg.cn/27/28/25260372-1_l_3.jpg', 100, '平装-胶订', '1');
INSERT INTO `tb_bookinfo` VALUES (410, 21, '富爸爸穷爸爸（20周年修订版）（团购，请致电010-57993380）', '四川人民出版社', '2017-09-30 00:00:00', 32, '罗伯特·清崎', '', '9787220102912', 48.00, ' 爱读书，2019行动派，经管励志，五折封顶，点此查看 ', 27.90, 312084, 5.80, 'http://img3m7.ddimg.cn/74/15/25154687-1_l_3.jpg', 100, '平装-胶订', '1');
INSERT INTO `tb_bookinfo` VALUES (411, 3, '你坏（大冰2018作品！预售10分钟8.6万册+，30分钟突破11.8万册，再创当当历史新纪录）', '湖南文艺出版社', '2018-06-11 00:00:00', 16, '大冰', '', '9787540487669', 39.60, '独家漫画寄语版！当当店庆再送好礼（见长图）。如果你和世界不一样，那就不一样吧！百万级畅销书作者大冰2018作品，淬火重生的大女儿。用《你坏》向你说声：你好。随书奉送40余首有钱也买不到的原创民谣。  ', 22.90, 454465, 5.80, 'http://img3m1.ddimg.cn/93/17/25288851-1_l_25.jpg', 100, '平装-胶订', '1');
INSERT INTO `tb_bookinfo` VALUES (412, 9, '自在独行     贾平凹的独行世界', '长江文艺出版社', '2016-05-01 00:00:00', 32, '贾平凹', '', '9787535488473', 39.00, '陈坤开心推荐，贾平凹的独行世界，研磨孤独，收获自在，致每个孤独的行路人。你独自行走，不顾一切，哭着，笑着，留恋人间，只为不虚此行。独行是一场心灵的隐居，即便你认为自己是孤独的，也是可以自在的。  ', 19.50, 619303, 5.00, 'http://img3m1.ddimg.cn/51/7/23964981-1_l_5.jpg', 100, '平装-胶订', '1');
INSERT INTO `tb_bookinfo` VALUES (413, 11, '全球通史:从史前史到21世纪（第7版修订版上下册，当当独家赠送全球通史主题笔记本）', '北京大学出版社', '2006-10-01 00:00:00', 16, '斯塔夫里阿诺斯', '吴象婴  ', '9231298', 96.00, '  爱读书，2019行动派，人文社科好书5折封顶，点此进入促销会场>>> ', 59.60, 257044, 6.20, 'http://img3m8.ddimg.cn/43/20/9231298-1_l_7.jpg', 100, '平装-胶订', '1');
INSERT INTO `tb_bookinfo` VALUES (414, 19, 'what if那些古怪又让人忧心的问题（珍藏版）', '北京联合出版公司', '2016-06-01 00:00:00', 16, '兰道尔·门罗', '', '9787550277014', 68.00, '比尔·盖茨推荐科普书全新升级精装版上市！附送作者新书《万物解释者》大幅豪华海报 更多内容！所有的好奇心都值得被满足  ', 36.10, 61238, 5.30, 'http://img3m4.ddimg.cn/96/0/23964234-1_l_12.jpg', 100, '精装', '1');
INSERT INTO `tb_bookinfo` VALUES (415, 3, '外婆的道歉信（马思纯领读书目，人民日报、央视推荐。年度口碑爆棚的温情小说，上市6个月销量突破50万。随书附赠一封神秘道歉信）', '天津人民出版社', '2017-05-01 00:00:00', 32, '弗雷德里克·巴克曼', '瑞典]弗雷德里克·巴克曼', '9787201116693', 42.00, '外婆说，要大笑要做梦要与众不同。人生是一场伟大的冒险。作者巴克曼位列美国亚马逊文学榜首，当选瑞典年度作家。他让我们爱上这个活泼过头的外婆，重新爱上生活。新书《清单人生》已上市，推荐同时阅读。果麦出品  ', 21.00, 276504, 5.00, 'http://img3m1.ddimg.cn/77/0/25072421-1_l_11.jpg', 100, '平装-胶订', '1');
INSERT INTO `tb_bookinfo` VALUES (416, 9, '天长地久：给美君的信（龙应台2018全新力作）', '湖南文艺出版社', '2018-08-01 00:00:00', 16, '龙应台', '', '9787540488079', 58.00, '龙应台2018的全新力作。一部三代共读的生命读本，献给每一个跟时间赛跑的儿女。继《孩子你慢慢来》《亲爱的安德烈》《目送》后，“人生三书”再续新篇。  ', 40.00, 59045, 6.90, 'http://img3m9.ddimg.cn/35/0/25311959-1_l_5.jpg', 100, '平装-胶订', '1');
INSERT INTO `tb_bookinfo` VALUES (417, 18, '中国人的二十四节气', '化学工业出版社', '2018-05-01 00:00:00', 16, '邱丙军', '', '9787122311603', 49.80, '二十四节气申遗成功后全面了解二十四节气知识的国民读本。余世存推荐  爱读书，2019行动派，人文社科好书5折封顶，点此进入促销会场>>> ', 24.90, 9964, 5.00, 'http://img3m8.ddimg.cn/1/26/25260148-1_l_3.jpg', 100, '精装', '1');
INSERT INTO `tb_bookinfo` VALUES (418, 27, '答案之书(我的人生解答书)', '百花洲文艺出版社', '2016-06-01 00:00:00', 40, '保罗', '', '9787550017719', 38.00, '神奇解密书，解答你人生的任何疑惑！周冬雨、余文乐明星同款《我们相爱吧》为它代言，《快乐大本营》《天天向上》何炅、谢娜、李晨、汪涵、何猷君爱不释手新游戏。酷威文化 专题内49元5件任君挑选，2019好生活>>亲子健康美食旅行，专题内5折封顶>> ', 19.00, 59877, 5.00, 'http://img3m7.ddimg.cn/2/0/23966417-1_l_12.jpg', 100, '精装', '1');
INSERT INTO `tb_bookinfo` VALUES (419, 3, '呼兰河传（《呼兰河传》和《生死场》的合编本）', '北京联合出版公司', '2014-12-01 00:00:00', 32, '萧红', '', '9787550238763', 28.80, '追忆文学洛神“墨迹斑驳”的黄金时代，感受萧红笔下爱恨交织的故乡情。 文艺好书5折封顶，点击这里进入会场>>49元5件，刚好包邮带走点这里>> ', 12.30, 163771, 4.30, 'http://img3m5.ddimg.cn/95/19/23618525-1_l_4.jpg', 100, '平装-胶订', '1');
INSERT INTO `tb_bookinfo` VALUES (420, 9, '瓦尔登湖(珍藏本) 朗读者朗读书目', '中国三峡出版社', '2010-12-01 00:00:00', 32, '梭罗', '', '9787802236516', 28.00, '美国自然文学的典范，与《圣经》一同被评为“塑造读者的25本书”。瓦尔登湖旅游节指定中文版本，管理者Machael  J. Frederick 盛赞推荐。清华大学校长送给新生的见面礼，朗读者推荐阅读。  ', 14.20, 437218, 5.10, 'http://img3m3.ddimg.cn/10/14/20971873-1_l_11.jpg', 100, '平装-胶订', '1');
INSERT INTO `tb_bookinfo` VALUES (421, 6, '斯凯瑞金色童书·第一辑（全4册）', '贵州人民出版社', '2007-05-01 00:00:00', 12, '斯凯瑞', '李晓评 ', '9284655', 83.20, '人人都爱斯凯瑞！向孩子揭示日常社会的方方面面，城市协助、农场工作、建筑过程、消防作业、职业分工等，帮助2-6岁儿童发展认知能力。风靡美国五十年，全球畅销超过三亿册（蒲公英童书馆出品） 5万童书 5折封顶 新春伊始 扬帆起航>> ', 41.60, 390957, 5.00, 'http://img3m5.ddimg.cn/39/23/9284655-1_l_12.jpg', 100, '平装-胶订', '1');
INSERT INTO `tb_bookinfo` VALUES (422, 4, '格局', '江苏文艺出版社', '2015-05-01 00:00:00', 32, '何权峰', '', '9787539962887', 36.00, '未来的人可以分为三种格局：做事-做势-做局，5年后、10年后、N年后，要想站在你想要的“高位”，当下的你该怎么办!思维决定出路，格局决定结局；全球各界成功人士都在修炼的格局秘密。 爱读书，2019行动派，经管励志，五折封顶，点此查看 ', 18.00, 0, 5.00, 'http://img3m8.ddimg.cn/12/19/23698038-1_l_1.jpg', 100, '平装-胶订', '1');
INSERT INTO `tb_bookinfo` VALUES (423, 13, '无羁（墨香铜臭作品）', '四川文艺出版社', '2018-11-26 00:00:00', 128, '墨香铜臭', '', '9787541151736', 48.00, '“是非在己、毁誉由人、得失不论！”人气作者墨香铜臭成名之作，晋江积分近140亿，连续一年蝉联晋江销售金榜、千字金榜、全站霸王票总榜冠军！随书赠蓝家家训雅正集！魔道祖师  ', 26.40, 21105, 5.50, 'http://img3m9.ddimg.cn/23/21/26263139-1_l_6.jpg', 100, '平装-胶订', '1');
INSERT INTO `tb_bookinfo` VALUES (424, 3, '苏菲的世界（新版）', '作家出版社', '2017-09-19 00:00:00', 32, '乔斯坦·贾德', '', '9787506394864', 38.00, '二十世纪百部经典名著之一 全球销量超过4500万册  ', 28.50, 106581, 7.50, 'http://img3m9.ddimg.cn/41/0/25170989-1_l_5.jpg', 100, '平装-胶订', '1');
INSERT INTO `tb_bookinfo` VALUES (425, 3, '红楼梦原著版（上、下册）（全两册）（1-9年级必读书单）', '人民文学出版社', '2013-01-01 00:00:00', 32, '曹雪芹', '', '9787020002207', 59.70, '权威版本！收藏经典！  ', 32.80, 257590, 5.50, 'http://img3m1.ddimg.cn/9/22/102771-1_l_2.jpg', 100, '平装-胶订', '1');
INSERT INTO `tb_bookinfo` VALUES (426, 6, '不可不知的科学', '长江少年儿童出版社', '2017-12-01 00:00:00', 16, '约翰范登', '', '9787556057832', 48.00, '国际畅销科普书作家、4次入围“安万特科学图书奖”——约翰-范登全新作品！与时俱进的科学知识，精致有趣的原理讲解，从小培养科学家气质！（海豚传媒出品） 5万童书 5折封顶 新春伊始 扬帆起航>> ', 24.00, 90713, 5.00, 'http://img3m9.ddimg.cn/42/27/25175049-1_l_3.jpg', 100, '精装', '1');
INSERT INTO `tb_bookinfo` VALUES (427, 5, '人活到极致，一定是素与简Ⅱ（心灵赋能）', '台海出版社', '2019-01-01 00:00:00', 32, '山口势子', '李玲', '9787516821589', 48.00, '从断舍离到极简主义欧美日韩推崇的断舍离和共享式生活人民日报多家媒体联合盛推，扎克伯格乔布斯爱因斯坦致力践行的生活方式影响数千万中国人内附200多张日本人气博主山口势子亲身实践版精美插图全彩四色印刷！', 33.00, 0, 6.90, 'public/upload/img/bookPic/26436713-1_l_3.jpg', 108, '平装-胶订', '1');
INSERT INTO `tb_bookinfo` VALUES (428, 5, '不与傻瓜论短长', '现代出版社', '2018-10-01 00:00:00', 32, '老杨的猫头鹰', '', '9787514373042', 39.00, '别和坏人比坏，坏是没有下限的；别和傻瓜比傻，傻是会传染的。做一个赏心悦目的人，嘴巴干净、良心清白。22个故事，送给不够圆滑也不够世故的你。专治戏精、杠精、话题终结者。不负责疼爱你，只想要唤醒你', 19.00, 0, 5.00, 'http://localhost:3000/public/upload/img/bookPic/26436713-1_l_3.jpg', 105, '平装-胶订', '1');

-- ----------------------------
-- Table structure for tb_booktypeinfo
-- ----------------------------
DROP TABLE IF EXISTS `tb_booktypeinfo`;
CREATE TABLE `tb_booktypeinfo`  (
  `BookTypeId` int(11) NOT NULL AUTO_INCREMENT COMMENT '图书类型编号 自增字段',
  `BookTypeName` varchar(50) CHARACTER SET utf8 COLLATE utf8_general_ci NOT NULL COMMENT '	\r\n类别名称',
  PRIMARY KEY (`BookTypeId`) USING BTREE
) ENGINE = InnoDB AUTO_INCREMENT = 30 CHARACTER SET = utf8 COLLATE = utf8_general_ci ROW_FORMAT = Dynamic;

-- ----------------------------
-- Records of tb_booktypeinfo
-- ----------------------------
INSERT INTO `tb_booktypeinfo` VALUES (3, '小说');
INSERT INTO `tb_booktypeinfo` VALUES (4, '成功/励志');
INSERT INTO `tb_booktypeinfo` VALUES (5, '心理学');
INSERT INTO `tb_booktypeinfo` VALUES (6, '童书');
INSERT INTO `tb_booktypeinfo` VALUES (7, '亲子/家教');
INSERT INTO `tb_booktypeinfo` VALUES (8, '中小学教辅');
INSERT INTO `tb_booktypeinfo` VALUES (9, '文学');
INSERT INTO `tb_booktypeinfo` VALUES (10, '艺术');
INSERT INTO `tb_booktypeinfo` VALUES (11, '历史');
INSERT INTO `tb_booktypeinfo` VALUES (12, '传记');
INSERT INTO `tb_booktypeinfo` VALUES (13, '青春文学');
INSERT INTO `tb_booktypeinfo` VALUES (14, '管理');
INSERT INTO `tb_booktypeinfo` VALUES (15, '社会科学');
INSERT INTO `tb_booktypeinfo` VALUES (16, '育儿/早教');
INSERT INTO `tb_booktypeinfo` VALUES (17, '古籍');
INSERT INTO `tb_booktypeinfo` VALUES (18, '文化');
INSERT INTO `tb_booktypeinfo` VALUES (19, '科普读物');
INSERT INTO `tb_booktypeinfo` VALUES (20, '孕产/胎教');
INSERT INTO `tb_booktypeinfo` VALUES (21, '投资理财');
INSERT INTO `tb_booktypeinfo` VALUES (22, '时尚/美妆');
INSERT INTO `tb_booktypeinfo` VALUES (23, '计算机/网络');
INSERT INTO `tb_booktypeinfo` VALUES (24, '工具书');
INSERT INTO `tb_booktypeinfo` VALUES (25, '动漫/幽默');
INSERT INTO `tb_booktypeinfo` VALUES (26, '政治/军事');
INSERT INTO `tb_booktypeinfo` VALUES (27, '风水/占卜');
INSERT INTO `tb_booktypeinfo` VALUES (28, '哲学/宗教');
INSERT INTO `tb_booktypeinfo` VALUES (29, '经济');

-- ----------------------------
-- Table structure for tb_comment
-- ----------------------------
DROP TABLE IF EXISTS `tb_comment`;
CREATE TABLE `tb_comment`  (
  `CommentId` int(11) NOT NULL AUTO_INCREMENT COMMENT '图书评价编号',
  `BookId` int(11) NOT NULL COMMENT '图书编号',
  `CustomerId` int(11) NOT NULL COMMENT '评论客户编号',
  `Commentdate` datetime(0) NOT NULL COMMENT '评论时间',
  `Commentcontent` text CHARACTER SET utf8 COLLATE utf8_general_ci NOT NULL COMMENT '评论内容',
  `Commentflag` enum('1','0','-1') CHARACTER SET utf8 COLLATE utf8_general_ci NOT NULL DEFAULT '0' COMMENT '审核标志\r\n1、过审\r\n0、待审\r\n-1、未通过审核',
  PRIMARY KEY (`CommentId`) USING BTREE,
  INDEX `BookId_C_F`(`BookId`) USING BTREE,
  INDEX `CustomerId_C_F`(`CustomerId`) USING BTREE,
  CONSTRAINT `BookId_C_F` FOREIGN KEY (`BookId`) REFERENCES `tb_bookinfo` (`BookId`) ON DELETE CASCADE ON UPDATE CASCADE,
  CONSTRAINT `CustomerId_C_F` FOREIGN KEY (`CustomerId`) REFERENCES `tb_customerinfo` (`CustomerId`) ON DELETE CASCADE ON UPDATE CASCADE
) ENGINE = InnoDB AUTO_INCREMENT = 1 CHARACTER SET = utf8 COLLATE = utf8_general_ci ROW_FORMAT = Dynamic;

-- ----------------------------
-- Table structure for tb_customerinfo
-- ----------------------------
DROP TABLE IF EXISTS `tb_customerinfo`;
CREATE TABLE `tb_customerinfo`  (
  `CustomerId` int(11) NOT NULL AUTO_INCREMENT COMMENT '客户编号',
  `CustomerName` varchar(100) CHARACTER SET utf8 COLLATE utf8_general_ci NOT NULL COMMENT '客户昵称',
  `CustomerPwd` varchar(100) CHARACTER SET utf8 COLLATE utf8_general_ci NOT NULL COMMENT '客户密码',
  `CustomerTrueName` varchar(100) CHARACTER SET utf8 COLLATE utf8_general_ci NOT NULL COMMENT '真实姓名',
  `CustomerSex` enum('1','2') CHARACTER SET utf8 COLLATE utf8_general_ci NOT NULL DEFAULT '1' COMMENT '性别',
  `CustomerTel` varchar(100) CHARACTER SET utf8 COLLATE utf8_general_ci NOT NULL COMMENT '客户电话',
  `CustomerEmail` varchar(100) CHARACTER SET utf8 COLLATE utf8_general_ci NOT NULL COMMENT 'E-mail',
  `CustomerAddr` varchar(255) CHARACTER SET utf8 COLLATE utf8_general_ci NOT NULL COMMENT '城市地址',
  `CustomerRegTime` datetime(0) NOT NULL COMMENT '注册时间',
  `CustomerLogCount` int(11) UNSIGNED NOT NULL COMMENT '登陆次数',
  `CustomerLastLogTime` datetime(0) NULL DEFAULT NULL COMMENT '最近登陆时间',
  `addressId` int(11) NULL DEFAULT NULL COMMENT '默认的收货地址',
  `CustomerAvatar` varchar(255) CHARACTER SET utf8 COLLATE utf8_general_ci NOT NULL DEFAULT 'public/upload/img/userAvatar/default_user_avater.jpg' COMMENT '客户的头像',
  `CustomerStatus` enum('1','0') CHARACTER SET utf8 COLLATE utf8_general_ci NULL DEFAULT '1' COMMENT '用户的状态\r\n1、正常\r\n0、禁用',
  PRIMARY KEY (`CustomerId`) USING BTREE,
  UNIQUE INDEX `customerinfoName_F`(`CustomerName`) USING BTREE COMMENT '客户的昵称唯一性',
  UNIQUE INDEX `customerinfoEmail_F`(`CustomerEmail`) USING BTREE COMMENT '邮件即为账号唯一性',
  UNIQUE INDEX `customerinfoTel_F`(`CustomerTel`) USING BTREE COMMENT '客户手机号码唯一性',
  INDEX `CustomerId`(`CustomerId`) USING BTREE
) ENGINE = InnoDB AUTO_INCREMENT = 14 CHARACTER SET = utf8 COLLATE = utf8_general_ci ROW_FORMAT = Dynamic;

-- ----------------------------
-- Records of tb_customerinfo
-- ----------------------------
INSERT INTO `tb_customerinfo` VALUES (1, '死者的代言人', 'de9e26d20f407a432167087ee00337a31efcfd2f5f870177858c95993ab5db0c', '赵思', '1', '17371278540', '1159902844@qq.com', '武汉', '2019-02-16 17:04:58', 3, '2019-02-18 19:20:12', NULL, 'public/upload/img/userAvatar/default_user_avatar.jpg', '1');
INSERT INTO `tb_customerinfo` VALUES (2, '死者的代言人2', 'de9e26d20f407a432167087ee00337a31efcfd2f5f870177858c95993ab5db0c', '赵思', '1', '17371278541', '1159902544@qq.com', '武汉', '2019-02-16 17:06:27', 0, NULL, NULL, 'public/upload/img/userAvatar/default_user_avatar.jpg', '0');
INSERT INTO `tb_customerinfo` VALUES (3, '安德的游戏', 'de9e26d20f407a432167087ee00337a31efcfd2f5f870177858c95993ab5db0c', '安德', '1', '17566458892', 'andedeyouxi@qq.com', '虫巢', '2019-02-16 17:12:54', 0, NULL, NULL, 'public/upload/img/userAvatar/default_user_avatar.jpg', '1');
INSERT INTO `tb_customerinfo` VALUES (4, '我不是许三观', 'de9e26d20f407a432167087ee00337a31efcfd2f5f870177858c95993ab5db0c', '许三观', '1', '17388902245', 'xusanguan@qq.com', '不详', '2019-02-16 17:14:20', 0, NULL, NULL, 'public/upload/img/userAvatar/default_user_avatar.jpg', '1');
INSERT INTO `tb_customerinfo` VALUES (5, '明教教主', 'de9e26d20f407a432167087ee00337a31efcfd2f5f870177858c95993ab5db0c', '张无忌', '1', '17566844123', 'zhangwuji@qq.com', '光明顶', '2019-02-17 14:25:00', 0, NULL, NULL, 'public/upload/img/userAvatar/default_user_avatar.jpg', '1');
INSERT INTO `tb_customerinfo` VALUES (6, '峨嵋掌门', 'de9e26d20f407a432167087ee00337a31efcfd2f5f870177858c95993ab5db0c', '周芷若', '1', '17466502231', 'zhouzhiruo@qq.com', '峨眉', '2019-02-17 14:25:59', 0, NULL, NULL, 'public/upload/img/userAvatar/default_user_avatar.jpg', '1');
INSERT INTO `tb_customerinfo` VALUES (7, '郡主', 'de9e26d20f407a432167087ee00337a31efcfd2f5f870177858c95993ab5db0c', '赵敏', '2', '17655892234', 'zhaoming@qq.com', '大都', '2019-02-17 14:26:47', 0, NULL, NULL, 'public/upload/img/userAvatar/default_user_avatar.jpg', '1');
INSERT INTO `tb_customerinfo` VALUES (8, '昭儿', 'de9e26d20f407a432167087ee00337a31efcfd2f5f870177858c95993ab5db0c', '小昭', '2', '17655423321', 'xiaozhao@qq.com', '波斯', '2019-02-17 14:27:32', 0, NULL, NULL, 'public/upload/img/userAvatar/default_user_avatar.jpg', '1');
INSERT INTO `tb_customerinfo` VALUES (9, '武当掌门', 'de9e26d20f407a432167087ee00337a31efcfd2f5f870177858c95993ab5db0c', '张三丰', '2', '17566541120', 'zhangsanfeng@qq.com', '武当', '2019-02-17 14:28:33', 0, NULL, NULL, 'public/upload/img/userAvatar/default_user_avatar.jpg', '1');
INSERT INTO `tb_customerinfo` VALUES (10, '金毛狮王', 'de9e26d20f407a432167087ee00337a31efcfd2f5f870177858c95993ab5db0c', '谢逊', '1', '17633214487', 'xiexun@qq.com', '冰火岛', '2019-02-17 14:29:16', 0, NULL, NULL, 'public/upload/img/userAvatar/default_user_avatar.jpg', '1');
INSERT INTO `tb_customerinfo` VALUES (11, '韩天尊', 'de9e26d20f407a432167087ee00337a31efcfd2f5f870177858c95993ab5db0c', '韩立', '1', '17355489920', 'hanli@qq.com', '无涯海青元宫', '2019-02-17 14:31:28', 0, NULL, NULL, 'public/upload/img/userAvatar/default_user_avatar.jpg', '1');
INSERT INTO `tb_customerinfo` VALUES (12, '韩立伴侣', 'de9e26d20f407a432167087ee00337a31efcfd2f5f870177858c95993ab5db0c', '南宫婉儿', '2', '17566234421', 'nangongwaner@qq.com', '无涯海青元宫', '2019-02-17 14:33:03', 0, NULL, NULL, 'public/upload/img/userAvatar/default_user_avatar.jpg', '1');

-- ----------------------------
-- Table structure for tb_manager
-- ----------------------------
DROP TABLE IF EXISTS `tb_manager`;
CREATE TABLE `tb_manager`  (
  `AdminId` int(11) NOT NULL AUTO_INCREMENT COMMENT '管理员编号',
  `AdminName` varchar(255) CHARACTER SET utf8 COLLATE utf8_general_ci NOT NULL COMMENT '管理员昵称',
  `AdminAccount` varchar(255) CHARACTER SET utf8 COLLATE utf8_general_ci NOT NULL COMMENT '管理员账号 邮箱',
  `AdminPwd` varchar(255) CHARACTER SET utf8 COLLATE utf8_general_ci NOT NULL COMMENT '密码',
  `AdminFlag` enum('1','2','3') CHARACTER SET utf8 COLLATE utf8_general_ci NOT NULL DEFAULT '1' COMMENT '权限标志:\r\n1、可以增删查改图书信息\r\n2、包含权限1的功能，并且可以处理订单\r\n3、最高 root ，可以管理其他的管理员账号',
  `AdminStatus` enum('1','0') CHARACTER SET utf8 COLLATE utf8_general_ci NULL DEFAULT '1' COMMENT '管理员账号状态\r\n1、正常\r\n2、禁用',
  `AdminAvatar` varchar(255) CHARACTER SET utf8 COLLATE utf8_general_ci NOT NULL DEFAULT 'public/upload/img/adminAvatar/default_admin_avatar.png' COMMENT '头像',
  PRIMARY KEY (`AdminId`) USING BTREE,
  UNIQUE INDEX `UN_Name`(`AdminName`) USING BTREE COMMENT '姓名唯一',
  UNIQUE INDEX `UN_Account`(`AdminAccount`) USING BTREE COMMENT '账号唯一'
) ENGINE = InnoDB AUTO_INCREMENT = 25 CHARACTER SET = utf8 COLLATE = utf8_general_ci ROW_FORMAT = Dynamic;

-- ----------------------------
-- Records of tb_manager
-- ----------------------------
INSERT INTO `tb_manager` VALUES (1, '赵思思', '1159902844@qq.com', 'de9e26d20f407a432167087ee00337a31efcfd2f5f870177858c95993ab5db0c', '3', '1', 'public/upload/img/adminAvatar/default_admin_avatar.png');
INSERT INTO `tb_manager` VALUES (17, '刘盼', 'liupan@qq.com', 'de9e26d20f407a432167087ee00337a31efcfd2f5f870177858c95993ab5db0c', '2', '1', 'public/upload/img/adminAvatar/633249.jpg');
INSERT INTO `tb_manager` VALUES (18, '汤亮亮', 'tangliangliang@qq.com', 'de9e26d20f407a432167087ee00337a31efcfd2f5f870177858c95993ab5db0c', '1', '1', 'public/upload/img/adminAvatar/796108.jpg');
INSERT INTO `tb_manager` VALUES (19, '王新翔', 'wangxinxiang@qq.com', 'de9e26d20f407a432167087ee00337a31efcfd2f5f870177858c95993ab5db0c', '1', '1', 'public/upload/img/adminAvatar/625916.jpg');
INSERT INTO `tb_manager` VALUES (20, '王爽爽', 'wangshuang@qq.com', 'de9e26d20f407a432167087ee00337a31efcfd2f5f870177858c95993ab5db0c', '1', '1', 'public/upload/img/adminAvatar/796108.jpg');
INSERT INTO `tb_manager` VALUES (21, '刘胜胜', 'liusheng@qq.com', 'de9e26d20f407a432167087ee00337a31efcfd2f5f870177858c95993ab5db0c', '1', '1', 'public/upload/img/adminAvatar/796108.jpg');
INSERT INTO `tb_manager` VALUES (23, '刘盼盼', 'liupanpan@qq.com', 'de9e26d20f407a432167087ee00337a31efcfd2f5f870177858c95993ab5db0c', '1', '0', 'public/upload/img/adminAvatar/default_admin_avatar.png');
INSERT INTO `tb_manager` VALUES (24, '杨金波', 'yangjinbo@qq.com', 'de9e26d20f407a432167087ee00337a31efcfd2f5f870177858c95993ab5db0c', '2', '1', 'public/upload/img/adminAvatar/信号台.jpg');

-- ----------------------------
-- Table structure for tb_order
-- ----------------------------
DROP TABLE IF EXISTS `tb_order`;
CREATE TABLE `tb_order`  (
  `id` int(11) NOT NULL AUTO_INCREMENT COMMENT '订单的自动编号',
  `OrderId` varchar(255) CHARACTER SET utf8 COLLATE utf8_general_ci NOT NULL COMMENT '订单编号',
  `CustomerId` int(11) NOT NULL COMMENT '客户编号',
  `BookId` int(11) NOT NULL COMMENT '图书编号\r\n\r\n',
  `ordermount` int(11) NOT NULL COMMENT '订购数量',
  `Orderdate` datetime(0) NOT NULL ON UPDATE CURRENT_TIMESTAMP(0) COMMENT '下单日期',
  `isPlay` enum('1','0') CHARACTER SET utf8 COLLATE utf8_general_ci NOT NULL DEFAULT '0' COMMENT '支付状态\r\n1、以支付\r\n2、未支付',
  `paymethod` enum('1','2','3') CHARACTER SET utf8 COLLATE utf8_general_ci NOT NULL DEFAULT '1' COMMENT '支付方式\r\n1、支付宝\r\n2、微信支付\r\n3、银行卡支付',
  `payTime` datetime(0) NOT NULL COMMENT '支付时间',
  `message` varchar(255) CHARACTER SET utf8 COLLATE utf8_general_ci NULL DEFAULT NULL COMMENT '留言',
  `receverId` int(11) NOT NULL COMMENT '收货地址id',
  `totalprice` decimal(10, 2) UNSIGNED NOT NULL COMMENT '总卖出价',
  `isShip` enum('1','0') CHARACTER SET utf8 COLLATE utf8_general_ci NOT NULL DEFAULT '0' COMMENT '是否发货',
  `shipTime` datetime(0) NOT NULL COMMENT '发货时间',
  `isReceipt` enum('1','0') CHARACTER SET utf8 COLLATE utf8_general_ci NOT NULL COMMENT '是否收货',
  `receiptDate` datetime(0) NOT NULL COMMENT '收货时间',
  `goodsStatus` enum('1','0','-1') CHARACTER SET utf8 COLLATE utf8_general_ci NOT NULL DEFAULT '1' COMMENT '商品状态\r\n1、正常\r\n0、禁用\r\n-1、删除',
  PRIMARY KEY (`id`, `OrderId`) USING BTREE,
  INDEX `CustomerId_O_F`(`CustomerId`) USING BTREE,
  INDEX `BookId_O_F`(`BookId`) USING BTREE,
  CONSTRAINT `BookId_O_F` FOREIGN KEY (`BookId`) REFERENCES `tb_bookinfo` (`BookId`) ON DELETE CASCADE ON UPDATE CASCADE,
  CONSTRAINT `CustomerId_O_F` FOREIGN KEY (`CustomerId`) REFERENCES `tb_customerinfo` (`CustomerId`) ON DELETE CASCADE ON UPDATE CASCADE
) ENGINE = InnoDB AUTO_INCREMENT = 1 CHARACTER SET = utf8 COLLATE = utf8_general_ci ROW_FORMAT = Dynamic;

-- ----------------------------
-- Table structure for tb_parameter
-- ----------------------------
DROP TABLE IF EXISTS `tb_parameter`;
CREATE TABLE `tb_parameter`  (
  `webname` varchar(255) CHARACTER SET utf8 COLLATE utf8_general_ci NOT NULL DEFAULT '密林的书店' COMMENT '网站名',
  `regtiaoyue` varchar(255) CHARACTER SET utf8 COLLATE utf8_general_ci NULL DEFAULT NULL COMMENT '注册条款',
  `notice` varchar(255) CHARACTER SET utf8 COLLATE utf8_general_ci NULL DEFAULT NULL COMMENT '公告',
  `address` varchar(255) CHARACTER SET utf8 COLLATE utf8_general_ci NOT NULL DEFAULT '武汉交通职业学院移动开发二班赵思' COMMENT '地址',
  `postcode` varchar(255) CHARACTER SET utf8 COLLATE utf8_general_ci NOT NULL DEFAULT 'magicwingzs@qq.com' COMMENT '邮编',
  `tel` varchar(255) CHARACTER SET utf8 COLLATE utf8_general_ci NOT NULL DEFAULT '17371278540' COMMENT '电话号码',
  `copyright` varchar(255) CHARACTER SET utf8 COLLATE utf8_general_ci NOT NULL DEFAULT '本网站版权归赵思所有' COMMENT '版权',
  `weblogo` varchar(255) CHARACTER SET utf8 COLLATE utf8_general_ci NULL DEFAULT NULL COMMENT '网站Logo',
  `website` varchar(255) CHARACTER SET utf8 COLLATE utf8_general_ci NOT NULL DEFAULT 'localhost:8080' COMMENT '网站地址',
  `worktime` varchar(255) CHARACTER SET utf8 COLLATE utf8_general_ci NOT NULL DEFAULT '6:00-12:00' COMMENT '工作时间',
  `service` varchar(255) CHARACTER SET utf8 COLLATE utf8_general_ci NOT NULL DEFAULT '17371278540' COMMENT '售后服务',
  PRIMARY KEY (`webname`) USING BTREE
) ENGINE = InnoDB CHARACTER SET = utf8 COLLATE = utf8_general_ci ROW_FORMAT = Dynamic;

-- ----------------------------
-- Table structure for tb_shopbook
-- ----------------------------
DROP TABLE IF EXISTS `tb_shopbook`;
CREATE TABLE `tb_shopbook`  (
  `shopCarId` int(11) NOT NULL AUTO_INCREMENT COMMENT '购物车表记录的id',
  `CustomerId` int(11) NOT NULL COMMENT '购物车的客户编号',
  `BookId` int(11) NOT NULL COMMENT '图书编号\r\n\r\n',
  `ordermount` int(11) NOT NULL COMMENT '订购数量',
  `goodsStatus` enum('1','0','-1') CHARACTER SET utf8 COLLATE utf8_general_ci NOT NULL DEFAULT '1' COMMENT '商品在购物车中的状态\r\n1、正常显示\r\n2、禁用\r\n3、删除（以支付购买）',
  PRIMARY KEY (`shopCarId`) USING BTREE,
  INDEX `CustomerId_F`(`CustomerId`) USING BTREE,
  INDEX `BookId_F`(`BookId`) USING BTREE,
  CONSTRAINT `BookId_F` FOREIGN KEY (`BookId`) REFERENCES `tb_bookinfo` (`BookId`) ON DELETE CASCADE ON UPDATE CASCADE,
  CONSTRAINT `CustomerId_F` FOREIGN KEY (`CustomerId`) REFERENCES `tb_customerinfo` (`CustomerId`) ON DELETE CASCADE ON UPDATE CASCADE
) ENGINE = InnoDB AUTO_INCREMENT = 1 CHARACTER SET = utf8 COLLATE = utf8_general_ci ROW_FORMAT = Dynamic;

-- ----------------------------
-- Table structure for tb_useraddress
-- ----------------------------
DROP TABLE IF EXISTS `tb_useraddress`;
CREATE TABLE `tb_useraddress`  (
  `addressId` int(11) NOT NULL AUTO_INCREMENT,
  `CustomerId` int(11) NOT NULL COMMENT '客户编号',
  `address` varchar(255) CHARACTER SET utf8 COLLATE utf8_general_ci NOT NULL,
  PRIMARY KEY (`addressId`) USING BTREE,
  INDEX `CustomerId_A_F`(`CustomerId`) USING BTREE,
  CONSTRAINT `CustomerId_A_F` FOREIGN KEY (`CustomerId`) REFERENCES `tb_customerinfo` (`CustomerId`) ON DELETE CASCADE ON UPDATE CASCADE
) ENGINE = InnoDB AUTO_INCREMENT = 1 CHARACTER SET = utf8 COLLATE = utf8_general_ci ROW_FORMAT = Dynamic;

-- ----------------------------
-- Table structure for test
-- ----------------------------
DROP TABLE IF EXISTS `test`;
CREATE TABLE `test`  (
  `id` int(11) NOT NULL,
  `name` varchar(255) CHARACTER SET utf8 COLLATE utf8_general_ci NULL DEFAULT NULL,
  PRIMARY KEY (`id`) USING BTREE
) ENGINE = InnoDB CHARACTER SET = utf8 COLLATE = utf8_general_ci ROW_FORMAT = Dynamic;

-- ----------------------------
-- Records of test
-- ----------------------------
INSERT INTO `test` VALUES (1, 'zhaosi');
INSERT INTO `test` VALUES (2, 'liupan');
INSERT INTO `test` VALUES (3, 'liusheng');

SET FOREIGN_KEY_CHECKS = 1;
